{
  "mode": "parallel",
  "save_root": "/home/ssj/Data/github/AwesomeMOTDataset/Dataset/Town02/All",
  "host": "127.0.0.1",
  "port": 2000,
    "weathers": ["Clear", "Cloudy", "Rain"],
  "vehicle_num": [50, 75, 95],
  "cameras": {
    "Easy_Camera_0": {"width": 1920, "height": 1080, "x": 173.4830780029297, "y": 175.37460327148438, "z": 25.6076602935791, "fov": 90.0, "roll": -0.9999995231628418, "yaw": 4.997408390045166, "pitch": -68.99832153320312, "max_record_frame": 10000},
    "Easy_Camera_1": {"width": 1920, "height": 1080, "x": 131.1304168701172, "y": 188.3710479736328, "z": 26.71358871459961, "fov": 90.0, "roll": -1.0000216960906982, "yaw": 33.997344970703125, "pitch": -79.99654388427734, "max_record_frame": 10000},
    "Easy_Camera_2": {"width": 1920, "height": 1080, "x": 126.42561340332031, "y": 218.05686950683594, "z": 28.849794387817383, "fov": 90.0, "roll": -0.9999976754188538, "yaw": -63.00175857543945, "pitch": -41.99922561645508, "max_record_frame": 10000},
    "Easy_Camera_3": {"width": 1920, "height": 1080, "x": 183.92901611328125, "y": 224.12522888183594, "z": 11.482696533203125, "fov": 90.0, "roll": -1.0000009536743164, "yaw": -63.00199508666992, "pitch": -33.99911117553711, "max_record_frame": 10000},
    "Easy_Camera_4": {"width": 1920, "height": 1080, "x": 129.79299926757812, "y": 248.23782348632812, "z": 19.306055068969727, "fov": 90.0, "roll": -1.0000019073486328, "yaw": -107.00155639648438, "pitch": -33.999114990234375, "max_record_frame": 10000},
    "Easy_Camera_5": {"width": 1920, "height": 1080, "x": 94.46810150146484, "y": 242.50888061523438, "z": 7.46655797958374, "fov": 90.0, "roll": -0.9999994039535522, "yaw": -156.99964904785156, "pitch": -28.99931526184082, "max_record_frame": 10000},
    "Easy_Camera_6": {"width": 1920, "height": 1080, "x": 59.92470932006836, "y": 241.3704833984375, "z": 9.934662818908691, "fov": 90.0, "roll": -0.9999994039535522, "yaw": -153.99974060058594, "pitch": -28.999267578125, "max_record_frame": 10000},
    "Easy_Camera_7": {"width": 1920, "height": 1080, "x": -3.3607847690582275, "y": 122.29999542236328, "z": 29.6046085357666, "fov": 90.0, "roll": 0.0, "yaw": -1.9999985694885254, "pitch": -83.99896240234375, "max_record_frame": 10000},
    "Easy_Camera_8": {"width": 1920, "height": 1080, "x": -15.709073066711426, "y": 120.05821228027344, "z": 13.982216835021973, "fov": 90.0, "roll": 2.035985062320833e-06, "yaw": -20.00030517578125, "pitch": -32.998626708984375, "max_record_frame": 10000},
    "Easy_Camera_9": {"width": 1920, "height": 1080, "x": 8.651735305786133, "y": 108.29708099365234, "z": 7.369278907775879, "fov": 90.0, "roll": 3.906864003511146e-05, "yaw": 0.008883477188646793, "pitch": -25.996826171875, "max_record_frame": 10000},
    "Easy_Camera_10": {"width": 1920, "height": 1080, "x": 39.18000793457031, "y": 186.84214782714844, "z": 23.681135177612305, "fov": 90.0, "roll": 2.726295315369498e-05, "yaw": 27.00762939453125, "pitch": -63.996395111083984, "max_record_frame": 10000},
    "Easy_Camera_11": {"width": 1920, "height": 1080, "x": 39.45543670654297, "y": 239.3762969970703, "z": 20.787626266479492, "fov": 90.0, "roll": 4.752759923576377e-05, "yaw": -0.9921571612358093, "pitch": -63.996402740478516, "max_record_frame": 10000},
    "Easy_Camera_12": {"width": 1920, "height": 1080, "x": 48.28684997558594, "y": 302.2326965332031, "z": 15.611791610717773, "fov": 90.0, "roll": 4.683852966991253e-05, "yaw": -0.9921568632125854, "pitch": -40.996116638183594, "max_record_frame": 10000},
    "Middle_Camera_0": {"width": 1920, "height": 1080, "x": 14.06624984741211, "y": 114.29789733886719, "z": 4.786603927612305, "fov": 90.0, "roll": 3.901740274159238e-05, "yaw": -11.99126148223877, "pitch": -23.996824264526367, "max_record_frame": 10000},
    "Middle_Camera_1": {"width": 1920, "height": 1080, "x": 48.583030700683594, "y": 302.2275695800781, "z": 11.37950325012207, "fov": 90.0, "roll": 4.652864663512446e-05, "yaw": 3.007845163345337, "pitch": -39.99609375, "max_record_frame": 10000},
    "Middle_Camera_2": {"width": 1920, "height": 1080, "x": 188.89739990234375, "y": 193.5785675048828, "z": 10.266780853271484, "fov": 90.0, "roll": 5.1310969865880907e-05, "yaw": -76.99113464355469, "pitch": -36.995601654052734, "max_record_frame": 10000},
    "Middle_Camera_3": {"width": 1920, "height": 1080, "x": 129.48626708984375, "y": 112.63666534423828, "z": 6.514527320861816, "fov": 90.0, "roll": 4.548931974568404e-05, "yaw": -163.9893035888672, "pitch": -8.995453834533691, "max_record_frame": 10000},
    "Middle_Camera_4": {"width": 1920, "height": 1080, "x": -17.11197853088379, "y": 125.13838958740234, "z": 11.9734468460083, "fov": 90.0, "roll": -1.0, "yaw": -15.00114917755127, "pitch": -28.9993839263916, "max_record_frame": 10000},
    "Middle_Camera_5": {"width": 1920, "height": 1080, "x": -11.29567813873291, "y": 111.20401763916016, "z": 10.05054759979248, "fov": 90.0, "roll": -1.0, "yaw": -13.001209259033203, "pitch": -28.9993839263916, "max_record_frame": 10000},
    "Middle_Camera_6": {"width": 1920, "height": 1080, "x": 116.75716400146484, "y": 186.2287139892578, "z": 15.287236213684082, "fov": 90.0, "roll": -1.0000008344650269, "yaw": 33.99799346923828, "pitch": -49.995689392089844, "max_record_frame": 10000},
    "Middle_Camera_7": {"width": 1920, "height": 1080, "x": 19.030237197875977, "y": 113.79011535644531, "z": 5.644674777984619, "fov": 90.0, "roll": -0.9999986290931702, "yaw": -41.001338958740234, "pitch": -25.999353408813477, "max_record_frame": 10000},
    "Middle_Camera_8": {"width": 1920, "height": 1080, "x": 113.42447662353516, "y": 198.45167541503906, "z": 10.44874095916748, "fov": 90.0, "roll": -0.9999986290931702, "yaw": -41.001338958740234, "pitch": -25.999353408813477, "max_record_frame": 10000},
    "Middle_Camera_9": {"width": 1920, "height": 1080, "x": 136.60986328125, "y": 202.61448669433594, "z": 11.245423316955566, "fov": 90.0, "roll": -1.0000015497207642, "yaw": -137.999755859375, "pitch": -28.9993839263916, "max_record_frame": 10000},
    "Middle_Camera_10": {"width": 1920, "height": 1080, "x": 96.8450698852539, "y": 247.5359649658203, "z": 10.329564094543457, "fov": 90.0, "roll": -1.0000015497207642, "yaw": -137.999755859375, "pitch": -28.9993839263916, "max_record_frame": 10000},
    "Middle_Camera_11": {"width": 1920, "height": 1080, "x": 1.7254852056503296, "y": 187.66329956054688, "z": 8.261229515075684, "fov": 90.0, "roll": -0.9999991059303284, "yaw": -94.99903106689453, "pitch": -17.99920082092285, "max_record_frame": 10000},
    "Middle_Camera_12": {"width": 1920, "height": 1080, "x": 174.5468292236328, "y": 196.63778686523438, "z": 4.814186096191406, "fov": 90.0, "roll": -0.9999986290931702, "yaw": -41.001338958740234, "pitch": -25.999353408813477, "max_record_frame": 10000},
    "Hard_Camera_0": {"width": 1920, "height": 1080, "x": 56.50016403198242, "y": 236.36288452148438, "z": 7.071664810180664, "fov": 90.0, "roll": -1.0000004768371582, "yaw": -146.99949645996094, "pitch": -28.999267578125, "max_record_frame": 10000},
    "Hard_Camera_1": {"width": 1920, "height": 1080, "x": 206.4913787841797, "y": 173.87396240234375, "z": 9.43953800201416, "fov": 90.0, "roll": 4.559394437819719e-05, "yaw": -114.99073791503906, "pitch": -25.995508193969727, "max_record_frame": 10000},
    "Hard_Camera_2": {"width": 1920, "height": 1080, "x": 100.189208984375, "y": 125.09076690673828, "z": 4.505535125732422, "fov": 90.0, "roll": 4.4390588300302625e-05, "yaw": -148.9901123046875, "pitch": -23.9954776763916, "max_record_frame": 10000},
    "Hard_Camera_3": {"width": 1920, "height": 1080, "x": 54.33745574951172, "y": 178.45407104492188, "z": 1.4594314098358154, "fov": 90.0, "roll": 4.7850640839897096e-05, "yaw": 127.01018524169922, "pitch": 8.004544258117676, "max_record_frame": 10000},
    "Hard_Camera_4": {"width": 1920, "height": 1080, "x": 37.169857025146484, "y": 208.46878051757812, "z": 5.736683368682861, "fov": 90.0, "roll": -1.0000003576278687,