{
  "mode": "parallel",
  "save_root": "/home/ssj/Data/github/AwesomeMOTDataset/Dataset/Town05/Hard",
  "host": "127.0.0.1",
  "port": 2000,
  "weathers": ["Clear", "Cloudy", "Rain"],
  "vehicle_num": [100, 170, 230],
  "cameras": {
    "Hard_Camera_0": {"width": 1920, "height": 1080, "x": -124.78153991699219, "y": -153.82815551757812, "z": 1.1430426836013794, "fov": 90.0, "roll": 1.9439690113067627, "yaw": 73.9979476928711, "pitch": -0.997132420539856, "max_record_frame": 10000},
    "Hard_Camera_1": {"width": 1920, "height": 1080, "x": -98.45486450195312, "y": -58.9433479309082, "z": 15.573161125183105, "fov": 90.0, "roll": -3.1648874282836914, "yaw": -104.88449096679688, "pitch": -33.98700714111328, "max_record_frame": 10000},
    "Hard_Camera_2": {"width": 1920, "height": 1080, "x": -90.02554321289062, "y": -69.27371978759766, "z": 11.591296195983887, "fov": 90.0, "roll": -3.164886951446533, "yaw": -151.8844757080078, "pitch": -25.986997604370117, "max_record_frame": 10000},
    "Hard_Camera_3": {"width": 1920, "height": 1080, "x": 38.40285873413086, "y": 176.52639770507812, "z": 0.701443612575531, "fov": 90.0, "roll": -3.164886474609375, "yaw": 127.11309051513672, "pitch": -10.98681640625, "max_record_frame": 10000},
    "Hard_Camera_4": {"width": 1920, "height": 1080, "x": 64.8596420288086, "y": 197.99862670898438, "z": 1.1943126916885376, "fov": 90.0, "roll": -3.1649796962738037, "yaw": -84.88656616210938, "pitch": -18.986204147338867, "max_record_frame": 10000},
    "Hard_Camera_5": {"width": 1920, "height": 1080, "x": -87.5405044555664, "y": 178.76226806640625, "z": 9.526847839355469, "fov": 90.0, "roll": -3.165377378463745, "yaw": 95.11632537841797, "pitch": -8.984034538269043, "max_record_frame": 10000},
    "Hard_Camera_6": {"width": 1920, "height": 1080, "x": -243.06370544433594, "y": 68.3775405883789, "z": 75.57170104980469, "fov": 90.0, "roll": -43.06500244140625, "yaw": 134.99786376953125, "pitch": -88.99730682373047, "max_record_frame": 10000},
    "Hard_Camera_7": {"width": 1920, "height": 1080, "x": -287.7076110839844, "y": 84.9629898071289, "z": 15.497686386108398, "fov": 90.0, "roll": -21.057151794433594, "yaw": -52.01643753051758, "pitch": -36.97341537475586, "max_record_frame": 10000},
    "Hard_Camera_8": {"width": 1920, "height": 1080, "x": -256.3035583496094, "y": 73.54822540283203, "z": 3.3640663623809814, "fov": 90.0, "roll": 3.9439947605133057, "yaw": 82.98054504394531, "pitch": 4.0268402099609375, "max_record_frame": 10000},
    "Hard_Camera_9": {"width": 1920, "height": 1080, "x": -229.3960723876953, "y": 59.58784484863281, "z": 10.2998628616333, "fov": 90.0, "roll": 3.944091558456421, "yaw": 94.98031616210938, "pitch": -14.973133087158203, "max_record_frame": 10000},
    "Hard_Camera_10": {"width": 1920, "height": 1080, "x": -221.44537353515625, "y": 66.18824005126953, "z": 7.356432914733887, "fov": 90.0, "roll": 3.9443414211273193, "yaw": 101.97984313964844, "pitch": -21.97270393371582, "max_record_frame": 10000},
    "Hard_Camera_11": {"width": 1920, "height": 1080, "x": -171.9296875, "y": 92.37065124511719, "z": 2.715228796005249, "fov": 90.0, "roll": 3.94484806060791, "yaw": 0.9820578694343567, "pitch": -20.971773147583008, "max_record_frame": 10000},
    "Hard_Camera_12": {"width": 1920, "height": 1080, "x": -169.1085662841797, "y": -149.80142211914062, "z": 2.047825336456299, "fov": 90.0, "roll": 1.9439748525619507, "yaw": 51.99861145019531, "pitch": -13.997133255004883, "max_record_frame": 10000}
  }
}
