{
  "mode": "parallel",
  "save_root": "/home/ssj/Data/github/AwesomeMOTDataset/Dataset",
  "host": "127.0.0.1",
  "port": 2000,
  "cameras": {
    "Town5_Camera_cross_0": {"width": 1920, "height": 1080, "x": -28.315711975097656, "y": -77.92816925048828, "z": 51.43192672729492, "fov": 90.0, "roll": 1.000051736831665, "yaw": -29.000059127807617, "pitch": -39.999786376953125, "max_record_frame": 10000},
    "Town5_Camera_cross_1": {"width": 1920, "height": 1080, "x": -3.610508918762207, "y": -95.05208587646484, "z": 26.4034366607666, "fov": 90.0, "roll": 1.0000410079956055, "yaw": -11.000075340270996, "pitch": -39.999752044677734, "max_record_frame": 10000},
    "Town5_Camera_cross_2": {"width": 1920, "height": 1080, "x": 18.948665618896484, "y": -99.43714904785156, "z": 7.119904518127441, "fov": 90.0, "roll": 1.0000410079956055, "yaw": -11.000075340270996, "pitch": -39.999752044677734, "max_record_frame": 10000},
    "Town5_Camera_cross_3": {"width": 1920, "height": 1080, "x": 9.385687828063965, "y": -100.63397216796875, "z": 14.873427391052246, "fov": 90.0, "roll": 1.0000487565994263, "yaw": 15.000411033630371, "pitch": -31.999679565429688, "max_record_frame": 10000},
    "Town5_Camera_cross_4": {"width": 1920, "height": 1080, "x": 26.290555953979492, "y": -111.63090515136719, "z": 8.414602279663086, "fov": 90.0, "roll": 1.0000461339950562, "yaw": 49.00044631958008, "pitch": -22.999664306640625, "max_record_frame": 10000},
    "Town5_Camera_cross_5": {"width": 1920, "height": 1080, "x": 42.51062774658203, "y": -114.74264526367188, "z": 5.139058589935303, "fov": 90.0, "roll": 1.0000457763671875, "yaw": 64.0008773803711, "pitch": -14.999600410461426, "max_record_frame": 10000},
    "Town5_Camera_cross_6": {"width": 1920, "height": 1080, "x": 47.706111907958984, "y": -104.08975219726562, "z": 3.261927366256714, "fov": 90.0, "roll": 1.0000429153442383, "yaw": 102.00067138671875, "pitch": -8.999600410461426, "max_record_frame": 10000},
    "Town5_Camera_cross_7": {"width": 1920, "height": 1080, "x": 47.090023040771484, "y": -101.19143676757812, "z": 2.792644500732422, "fov": 90.0, "roll": 1.0000431537628174, "yaw": 102.00074768066406, "pitch": -7.999598979949951, "max_record_frame": 10000},
    "Town5_Camera_cross_8": {"width": 1920, "height": 1080, "x": 47.53070831298828, "y": -88.83898162841797, "z": 3.472604990005493, "fov": 90.0, "roll": 1.0000345706939697, "yaw": 176.99961853027344, "pitch": 3.0003790855407715, "max_record_frame": 10000},
    "Town5_Camera_cross_9": {"width": 1920, "height": 1080, "x": 47.83879852294922, "y": -88.95999908447266, "z": 9.46346664428711, "fov": 90.0, "roll": 1.0000344514846802, "yaw": -168.00001525878906, "pitch": -14.999627113342285, "max_record_frame": 10000},
    "Town5_Camera_cross_10": {"width": 1920, "height": 1080, "x": 63.3159065246582, "y": -71.48926544189453, "z": 15.100835800170898, "fov": 90.0, "roll": 1.0000441074371338, "yaw": -137.999755859375, "pitch": -14.999627113342285, "max_record_frame": 10000},
    "Town5_Camera_cross_11": {"width": 1920, "height": 1080, "x": 61.29874038696289, "y": -69.26924896240234, "z": 15.151411056518555, "fov": 90.0, "roll": 1.0000492334365845, "yaw": -114.998779296875, "pitch": -25.99959945678711, "max_record_frame": 10000},
    "Town5_Camera_cross_12": {"width": 1920, "height": 1080, "x": 74.73753356933594, "y": -75.38053131103516, "z": 2.861609697341919, "fov": 90.0, "roll": -20.00027084350586, "yaw": -148.99713134765625, "pitch": -2.9996345043182373, "max_record_frame": 10000},
    "Town5_Camera_cross_13": {"width": 1920, "height": 1080, "x": 74.73753356933594, "y": -75.38053131103516, "z": 2.861609697341919, "fov": 90.0, "roll": 36.99949645996094, "yaw": -148.99551391601562, "pitch": -2.9996345043182373, "max_record_frame": 10000},
    "Town5_Camera_cross_14": {"width": 1920, "height": 1080, "x": 80.92735290527344, "y": -85.65877532958984, "z": 2.6525509357452393, "fov": 90.0, "roll": 0.9995987415313721, "yaw": -159.99497985839844, "pitch": -2.999627590179443, "max_record_frame": 10000}
  }
}
