{
  "mode": "parallel",
  "save_root": "/home/ssj/Data/github/AwesomeMOTDataset/Dataset/Town04/Hard",
  "host": "127.0.0.1",
  "port": 2000,
  "weathers": ["Clear", "Cloudy", "Rain"],
  "vehicle_num": [100, 170, 230],
  "cameras": {
    "Hard_Camera_0": {"width": 1920, "height": 1080, "x": -0.8767755627632141, "y": 272.2098083496094, "z": 22.946130752563477, "fov": 90.0, "roll": 1.616038389329333e-05, "yaw": 17.99696922302246, "pitch": -39.99919891357422, "max_record_frame": 10000},
    "Hard_Camera_1": {"width": 1920, "height": 1080, "x": 348.15570068359375, "y": -160.393310546875, "z": 10.675111770629883, "fov": 90.0, "roll": 2.1106436633999692e-06, "yaw": -26.00016212463379, "pitch": -35.99996566772461, "max_record_frame": 10000},
    "Hard_Camera_2": {"width": 1920, "height": 1080, "x": -2.331033229827881, "y": 57.96231460571289, "z": 17.57668113708496, "fov": 90.0, "roll": 3.977511823904933e-06, "yaw": -70.00038146972656, "pitch": -14.999996185302734, "max_record_frame": 10000},
    "Hard_Camera_3": {"width": 1920, "height": 1080, "x": 58.42561721801758, "y": -204.1080780029297, "z": 33.84731674194336, "fov": 90.0, "roll": 1.5167994206422009e-05, "yaw": 94.99842834472656, "pitch": -37.99822998046875, "max_record_frame": 10000},
    "Hard_Camera_4": {"width": 1920, "height": 1080, "x": 6.483445167541504, "y": 271.07293701171875, "z": 27.632062911987305, "fov": 90.0, "roll": 0.0, "yaw": 43.99728012084961, "pitch": -53.99940872192383, "max_record_frame": 10000},
    "Hard_Camera_5": {"width": 1920, "height": 1080, "x": -390.8547058105469, "y": -12.980496406555176, "z": 4.562052249908447, "fov": 90.0, "roll": 4.64496661152225e-05, "yaw": 108.996337890625, "pitch": -6.996579170227051, "max_record_frame": 10000},
    "Hard_Camera_6": {"width": 1920, "height": 1080, "x": -390.85467529296875, "y": -12.980496406555176, "z": 4.562052249908447, "fov": 90.0, "roll": 6.515855784527957e-05, "yaw": 59.996337890625, "pitch": -6.996579170227051, "max_record_frame": 10000},
    "Hard_Camera_7": {"width": 1920, "height": 1080, "x": 183.62457275390625, "y": -225.8685302734375, "z": 24.975605010986328, "fov": 90.0, "roll": 1.9242686903453432e-05, "yaw": -65.99854278564453, "pitch": -36.99983596801758, "max_record_frame": 10000},
    "Hard_Camera_8": {"width": 1920, "height": 1080, "x": 360.1731262207031, "y": -162.91685485839844, "z": 16.856609344482422, "fov": 90.0, "roll": 2.1106436633999692e-06, "yaw": -29.000120162963867, "pitch": -35.999969482421875, "max_record_frame": 10000},
    "Hard_Camera_9": {"width": 1920, "height": 1080, "x": 314.32904052734375, "y": -236.97674560546875, "z": 16.192899703979492, "fov": 90.0, "roll": 2.1106436633999692e-06, "yaw": -29.000120162963867, "pitch": -35.999969482421875, "max_record_frame": 10000},
    "Hard_Camera_10": {"width": 1920, "height": 1080, "x": 330.3087158203125, "y": -163.1826629638672, "z": 14.637782096862793, "fov": 90.0, "roll": 1.582982690706558e-06, "yaw": -21.00032615661621, "pitch": -35.999969482421875, "max_record_frame": 10000},
    "Hard_Camera_11": {"width": 1920, "height": 1080, "x": 181.1188201904297, "y": -159.4177703857422, "z": 29.816864013671875, "fov": 90.0, "roll": 0.0, "yaw": -14.001456260681152, "pitch": -47.999874114990234, "max_record_frame": 10000},
    "Hard_Camera_12": {"width": 1920, "height": 1080, "x": 193.6444854736328, "y": -234.8409881591797, "z": 7.355216979980469, "fov": 90.0, "roll": 2.2451766199083067e-05, "yaw": -43.998695373535156, "pitch": -28.999813079833984, "max_record_frame": 10000}
  }
}
