{"Easy_Camera_0": {"width": 1920, "height": 1080, "x": -49.686424255371094, "y": 73.34735870361328, "z": 36.30912780761719, "fov": 90.0, "roll": 7.763816392980516e-05, "yaw": -88.99996948242188, "pitch": -75.99949645996094, "max_record_frame": 10000}}
{"Easy_Camera_1": {"width": 1920, "height": 1080, "x": -48.45570373535156, "y": 2.848891496658325, "z": 29.481578826904297, "fov": 90.0, "roll": -83.28564453125, "yaw": -5.710597038269043, "pitch": -90.0, "max_record_frame": 10000}}
{"Easy_Camera_2": {"width": 1920, "height": 1080, "x": -150.44004821777344, "y": 1.0620561838150024, "z": 29.481578826904297, "fov": 90.0, "roll": -83.28564453125, "yaw": -5.710597038269043, "pitch": -90.0, "max_record_frame": 10000}}
{"Easy_Camera_3": {"width": 1920, "height": 1080, "x": -186.16604614257812, "y": 11.303109169006348, "z": 20.641826629638672, "fov": 90.0, "roll": -2.045278549194336, "yaw": -49.99999237060547, "pitch": -77.0007095336914, "max_record_frame": 10000}}
{"Easy_Camera_4": {"width": 1920, "height": 1080, "x": -178.75531005859375, "y": 8.961620330810547, "z": 14.51891803741455, "fov": 90.0, "roll": -2.0453500747680664, "yaw": -141.9990997314453, "pitch": -44.999515533447266, "max_record_frame": 10000}}
{"Easy_Camera_5": {"width": 1920, "height": 1080, "x": -180.55824279785156, "y": 24.81035041809082, "z": 48.538387298583984, "fov": 90.0, "roll": -2.045348644256592, "yaw": -176.99903869628906, "pitch": -20.999019622802734, "max_record_frame": 10000}}
{"Easy_Camera_6": {"width": 1920, "height": 1080, "x": -181.8632049560547, "y": 57.76620101928711, "z": 47.43881607055664, "fov": 90.0, "roll": -2.04534912109375, "yaw": -176.99903869628906, "pitch": -68.99788665771484, "max_record_frame": 10000}}
{"Easy_Camera_7": {"width": 1920, "height": 1080, "x": -153.272216796875, "y": 80.2803955078125, "z": 122.7890396118164, "fov": 90.0, "roll": 164.48236083984375, "yaw": 13.473177909851074, "pitch": -90.0, "max_record_frame": 10000}}
{"Easy_Camera_8": {"width": 1920, "height": 1080, "x": -151.1383819580078, "y": 80.7916259765625, "z": 104.92323303222656, "fov": 90.0, "roll": 164.4816436767578, "yaw": 13.473245620727539, "pitch": -82.99830627441406, "max_record_frame": 10000}}
{"Easy_Camera_10": {"width": 1920, "height": 1080, "x": -153.80941772460938, "y": -92.24977111816406, "z": 72.44970703125, "fov": 90.0, "roll": 164.4816436767578, "yaw": 13.473245620727539, "pitch": -82.99830627441406, "max_record_frame": 10000}}
{"Easy_Camera_11": {"width": 1920, "height": 1080, "x": -132.35240173339844, "y": -76.78215026855469, "z": 25.62818145751953, "fov": 90.0, "roll": -3.1649508476257324, "yaw": 95.11821746826172, "pitch": -65.99054718017578, "max_record_frame": 10000}}
{"Easy_Camera_15": {"width": 1920, "height": 1080, "x": -131.16860961914062, "y": -61.3311767578125, "z": 14.062493324279785, "fov": 90.0, "roll": -3.164888381958008, "yaw": -79.88423156738281, "pitch": -33.98700714111328, "max_record_frame": 10000}}
{"Easy_Camera_18": {"width": 1920, "height": 1080, "x": 68.2046890258789, "y": 137.1416015625, "z": 68.64762115478516, "fov": 90.0, "roll": -3.1648826599121094, "yaw": 127.1141586303711, "pitch": -53.98693084716797, "max_record_frame": 10000}}
{"Easy_Camera_22": {"width": 1920, "height": 1080, "x": 64.3000717163086, "y": 204.25302124023438, "z": 7.330800533294678, "fov": 90.0, "roll": -3.164886713027954, "yaw": -84.88748168945312, "pitch": -18.986873626708984, "max_record_frame": 10000}}
{"Easy_Camera_24": {"width": 1920, "height": 1080, "x": -75.62312316894531, "y": 210.7942657470703, "z": 70.4605484008789, "fov": 90.0, "roll": -3.164983034133911, "yaw": -84.88583374023438, "pitch": -81.98542022705078, "max_record_frame": 10000}}
{"Easy_Camera_38": {"width": 1920, "height": 1080, "x": -154.71246337890625, "y": 159.6212921142578, "z": 42.72724533081055, "fov": 90.0, "roll": 160.64483642578125, "yaw": 163.29998779296875, "pitch": -88.99691772460938, "max_record_frame": 10000}}
{"Easy_Camera_39": {"width": 1920, "height": 1080, "x": -179.43006896972656, "y": 125.6656723022461, "z": 42.97089767456055, "fov": 90.0, "roll": 160.64483642578125, "yaw": 163.29998779296875, "pitch": -88.99691772460938, "max_record_frame": 10000}}
{"Easy_Camera_41": {"width": 1920, "height": 1080, "x": -206.0651092529297, "y": 89.33051300048828, "z": 34.18114471435547, "fov": 90.0, "roll": 11.941014289855957, "yaw": -9.235257311956957e-05, "pitch": -69.99788665771484, "max_record_frame": 10000}}
{"Easy_Camera_49": {"width": 1920, "height": 1080, "x": -61.90104293823242, "y": -89.78753662109375, "z": 11.892701148986816, "fov": 90.0, "roll": 1.9439014196395874, "yaw": -179.0037841796875, "pitch": -43.99687194824219, "max_record_frame": 10000}}
{"Easy_Camera_51": {"width": 1920, "height": 1080, "x": -49.63831329345703, "y": -125.55888366699219, "z": 21.433500289916992, "fov": 90.0, "roll": 1.9439014196395874, "yaw": -179.0037841796875, "pitch": -43.99687194824219, "max_record_frame": 10000}}
{"Easy_Camera_52": {"width": 1920, "height": 1080, "x": -24.322357177734375, "y": -107.126220703125, "z": 56.18722152709961, "fov": 90.0, "roll": 1.9438130855560303, "yaw": -179.00372314453125, "pitch": -86.99351501464844, "max_record_frame": 10000}}
{"Easy_Camera_53": {"width": 1920, "height": 1080, "x": -16.236961364746094, "y": -190.94967651367188, "z": 127.93761444091797, "fov": 90.0, "roll": 1.9433165788650513, "yaw": -179.00372314453125, "pitch": -86.9793472290039, "max_record_frame": 10000}}
{"Easy_Camera_40": {"width": 1920, "height": 1080, "x": -200.7675018310547, "y": 96.6061782836914, "z": 34.18114471435547, "fov": 90.0, "roll": 160.64483642578125, "yaw": 163.29998779296875, "pitch": -88.99691772460938, "max_record_frame": 10000}}
{"Easy_Camera_43": {"width": 1920, "height": 1080, "x": -192.1195831298828, "y": -123.60049438476562, "z": 26.359289169311523, "fov": 90.0, "roll": 11.94271469116211, "yaw": -15.00121021270752, "pitch": -51.99734115600586, "max_record_frame": 10000}}
{"Middle_Camera_12": {"width": 1920, "height": 1080, "x": -132.22267150878906, "y": -80.29135131835938, "z": 11.64841079711914, "fov": 90.0, "roll": -3.1649136543273926, "yaw": 92.11786651611328, "pitch": -64.9895248413086, "max_record_frame": 10000}}
{"Middle_Camera_13": {"width": 1920, "height": 1080, "x": -142.16827392578125, "y": -80.60627746582031, "z": 12.963823318481445, "fov": 90.0, "roll": -3.1648876667022705, "yaw": 14.115912437438965, "pitch": -33.98700714111328, "max_record_frame": 10000}}
{"Middle_Camera_14": {"width": 1920, "height": 1080, "x": -142.0655975341797, "y": -71.61630249023438, "z": 13.375824928283691, "fov": 90.0, "roll": -3.164888381958008, "yaw": -44.884178161621094, "pitch": -33.986995697021484, "max_record_frame": 10000}}
{"Middle_Camera_20": {"width": 1920, "height": 1080, "x": 61.3996467590332, "y": 224.95919799804688, "z": 7.010876178741455, "fov": 90.0, "roll": -3.164886951446533, "yaw": -80.88768768310547, "pitch": 4.013138771057129, "max_record_frame": 10000}}
{"Middle_Camera_21": {"width": 1920, "height": 1080, "x": 64.3000717163086, "y": 204.25302124023438, "z": 7.330800533294678, "fov": 90.0, "roll": -3.164886713027954, "yaw": -84.88748168945312, "pitch": -18.986873626708984, "max_record_frame": 10000}}
{"Middle_Camera_25": {"width": 1920, "height": 1080, "x": -95.0624771118164, "y": 203.9062042236328, "z": 13.677291870117188, "fov": 90.0, "roll": -3.165375232696533, "yaw": 5.116415500640869, "pitch": -36.98409652709961, "max_record_frame": 10000}}
{"Middle_Camera_27": {"width": 1920, "height": 1080, "x": -156.21372985839844, "y": 173.2108154296875, "z": 13.290148735046387, "fov": 90.0, "roll": -3.165377378463745, "yaw": 95.11632537841797, "pitch": -8.984034538269043, "max_record_frame": 10000}}
{"Middle_Camera_31": {"width": 1920, "height": 1080, "x": -236.06927490234375, "y": 67.21562194824219, "z": 6.554520130157471, "fov": 90.0, "roll": 3.9440720081329346, "yaw": 94.98029327392578, "pitch": -21.973140716552734,