{"Easy_Camera_0": {"width": 1920, "height": 1080, "x": -11.842011451721191, "y": 8.031611442565918, "z": 18.442392349243164, "fov": 90.0, "roll": 5.6985194532899186e-05, "yaw": 15.009103775024414, "pitch": -35.9969482421875, "max_record_frame": 10000}}
{"Easy_Camera_1": {"width": 1920, "height": 1080, "x": -2.6698362827301025, "y": 2.406118392944336, "z": 28.112003326416016, "fov": 90.0, "roll": 1.3672592103830539e-05, "yaw": 43.00983428955078, "pitch": -67.99636840820312, "max_record_frame": 10000}}
{"Easy_Camera_2": {"width": 1920, "height": 1080, "x": -10.327632904052734, "y": 9.79035758972168, "z": 28.49886131286621, "fov": 90.0, "roll": -0.9999999403953552, "yaw": 1.9982154369354248, "pitch": -59.99800491333008, "max_record_frame": 10000}}
{"Easy_Camera_3": {"width": 1920, "height": 1080, "x": -9.71756362915039, "y": 54.83216857910156, "z": 26.293527603149414, "fov": 90.0, "roll": -0.9999999403953552, "yaw": 1.9982154369354248, "pitch": -59.99800491333008, "max_record_frame": 10000}}
{"Easy_Camera_4": {"width": 1920, "height": 1080, "x": 93.458984375, "y": 314.5130310058594, "z": 22.997697830200195, "fov": 90.0, "roll": -0.9999905228614807, "yaw": 93.99774932861328, "pitch": -74.99547576904297, "max_record_frame": 10000}}
{"Easy_Camera_5": {"width": 1920, "height": 1080, "x": 89.73262786865234, "y": -11.651833534240723, "z": 15.087494850158691, "fov": 90.0, "roll": 1.667562719376292e-05, "yaw": 90.00827026367188, "pitch": -34.996971130371094, "max_record_frame": 10000}}
{"Easy_Camera_6": {"width": 1920, "height": 1080, "x": 89.7321548461914, "y": -8.412396430969238, "z": 18.42718505859375, "fov": 90.0, "roll": 2.8997908884775825e-05, "yaw": 93.00823211669922, "pitch": -57.99679946899414, "max_record_frame": 10000}}
{"Easy_Camera_7": {"width": 1920, "height": 1080, "x": 145.27017211914062, "y": -6.5160698890686035, "z": 26.059345245361328, "fov": 90.0, "roll": 4.5107590267434716e-05, "yaw": 56.0079460144043, "pitch": -57.99658966064453, "max_record_frame": 10000}}
{"Easy_Camera_8": {"width": 1920, "height": 1080, "x": 85.79653930664062, "y": 148.43795776367188, "z": 17.411855697631836, "fov": 90.0, "roll": -1.0, "yaw": -68.00135040283203, "pitch": -27.9993896484375, "max_record_frame": 10000}}
{"Easy_Camera_9": {"width": 1920, "height": 1080, "x": 88.07027435302734, "y": 142.39044189453125, "z": 24.94202423095703, "fov": 90.0, "roll": -0.9999956488609314, "yaw": -68.00167083740234, "pitch": -66.9986343383789, "max_record_frame": 10000}}
{"Easy_Camera_10": {"width": 1920, "height": 1080, "x": 89.09149932861328, "y": 57.44026565551758, "z": 7.094574928283691, "fov": 90.0, "roll": 4.174773130216636e-05, "yaw": 92.00822448730469, "pitch": -10.99694538116455, "max_record_frame": 10000}}
{"Easy_Camera_11: {"width": 1920, "height": 1080, "x": 337.67230224609375, "y": 115.80352020263672, "z": 12.816944122314453, "fov": 90.0, "roll": 2.587103699625004e-05, "yaw": 125.00862884521484, "pitch": -26.9969425201416, "max_record_frame": 10000}}
{"Middle_Camera_0": {"width": 1920, "height": 1080, "x": 341.04632568359375, "y": 125.49140167236328, "z": 10.093286514282227, "fov": 90.0, "roll": 2.9224685931694694e-05, "yaw": 150.00804138183594, "pitch": -26.9969425201416, "max_record_frame": 10000}}
{"Middle_Camera_1": {"width": 1920, "height": 1080, "x": -5.339836120605469, "y": 20.404273986816406, "z": 3.7883543968200684, "fov": 90.0, "roll": 1.6107491319417022e-05, "yaw": 67.00898742675781, "pitch": -31.99697494506836, "max_record_frame": 10000}}
{"Middle_Camera_2": {"width": 1920, "height": 1080, "x": 68.15426635742188, "y": 3.2671797275543213, "z": 4.202833652496338, "fov": 90.0, "roll": 2.782454430416692e-05, "yaw": 10.009222984313965, "pitch": -22.996944427490234, "max_record_frame": 10000}}
{"Middle_Camera_3": {"width": 1920, "height": 1080, "x": 83.98995971679688, "y": 120.61719512939453, "z": 6.148773193359375, "fov": 90.0, "roll": -1.0000025033950806, "yaw": -67.0013198852539, "pitch": -28.9993839263916, "max_record_frame": 10000}}
{"Middle_Camera_4": {"width": 1920, "height": 1080, "x": 210.59976196289062, "y": 118.21761322021484, "z": 5.997570514678955, "fov": 90.0, "roll": -1.0000015497207642, "yaw": 119.99784088134766, "pitch": -24.999229431152344, "max_record_frame": 10000}}
{"Middle_Camera_5": {"width": 1920, "height": 1080, "x": 231.73153686523438, "y": 188.25328063964844, "z": 5.155831813812256, "fov": 90.0, "roll": -1.0000007152557373, "yaw": 139.99769592285156, "pitch": -24.9991397857666, "max_record_frame": 10000}}
{"Middle_Camera_6": {"width": 1920, "height": 1080, "x": 255.15740966796875, "y": 198.84117126464844, "z": 12.477998733520508, "fov": 90.0, "roll": -0.9999998211860657, "yaw": -175.00303649902344, "pitch": -24.9991397857666, "max_record_frame": 10000}}
{"Middle_Camera_7": {"width": 1920, "height": 1080, "x": 249.79229736328125, "y": 198.37210083007812, "z": 9.942371368408203, "fov": 90.0, "roll": -0.9999999403953552, "yaw": -174.0030059814453, "pitch": -24.9991397857666, "max_record_frame": 10000}}
{"Middle_Camera_8": {"width": 1920, "height": 1080, "x": 270.2262268066406, "y": 71.8324203491211, "z": 5.536251544952393, "fov": 90.0, "roll": -1.000000238418579, "yaw": -54.001468658447266, "pitch": -16.999082565307617, "max_record_frame": 10000}}
{"Middle_Camera_9": {"width": 1920, "height": 1080, "x": 219.59413146972656, "y": 18.867923736572266, "z": 16.922887802124023, "fov": 90.0, "roll": -1.000000238418579, "yaw": -41.00156021118164, "pitch": -16.999082565307617, "max_record_frame": 10000}}
{"Middle_Camera_10": {"width": 1920, "height": 1080, "x": -5.701948165893555, "y": 19.550861358642578, "z": 7.39639139175415, "fov": 90.0, "roll": 2.292898716405034e-05, "yaw": 68.0087661743164, "pitch": -34.99697494506836, "max_record_frame": 10000}}
{"Middle_Camera_11": {"width": 1920, "height": 1080, "x": 0.12208432704210281, "y": 7.046303749084473, "z": 10.14360523223877, "fov": 90.0, "roll": 3.4984816011274233e-05, "yaw": -5.990300178527832, "pitch": -30.996946334838867, "max_record_frame": 10000}}
{"Middle_Camera_12": {"width": 1920, "height": 1080, "x": 222.84982299804688, "y": 144.95787048339844, "z": 4.295575141906738, "fov": 90.0, "roll": -1.0000007152557373, "yaw": -45.001285552978516, "pitch": -25.999359130859375, "max_record_frame": 10000}}
{"Hard_Camera_0": {"width": 1920, "height": 1080, "x": 76.43325805664062, "y": 147.59156799316406, "z": 18.68155860900879, "fov": 90.0, "roll": -1.0, "yaw": -68.00135040283203, "pitch": -27.9993896484375, "max_record_frame": 10000}}
{"Hard_Camera_1": {"width": 1920, "height": 1080, "x": 284.7183532714844, "y": 70.21271514892578, "z": 5.996962070465088, "fov": 90.0, "roll": -0.9999998211860657, "yaw": -134.00242614746094, "pitch": -24.999147415161133, "max_record_frame": 10000}}
{"Hard_Camera_2": {"width": 1920, "height": 1080, "x": 214.56790161132812, "y": 117.3433837890625, "z": 7.217936038970947, "fov": 90.0, "roll": -1.0000015497207642, "yaw": 119.99784088134766, "pitch": -24.999229431152344, "max_record_frame": 10000}}
{"Hard_Camera_3": {"width": 1920, "height": 1080, "x": 227.16970825195312, "y": 180.1352081298828, "z": 3.847477436065674, "fov": 90.0, "roll": -1.0000015497207642, "yaw": 119.99784088134766, "pitch": -24.999229431152344, "max_record_frame": 10000}}
{"Hard_Camera_4": {"width": 1920, "height": 1080, "x": 83.19877624511719, "y": 121.83842468261719, "z": 3.5252981185913086, "fov": 90.0, "roll": -1.0000005960464478, "yaw": -51.00135803222656, "pitch": -28.9993839263916, "max_record_frame": 10000}}
{"Hard_Camera_5": {"width": 1920, "height": 1080, "x": 79.36405944824219, "y": 49.34146499633789, "z": 3.604947805404663, "fov": 90.0, "roll": -0.9999996423721313, "yaw": 15.9990873336792, "pitch": -25.999353408813477, "max_record_frame": 10000}}
{"Hard_Camera_6": {"width": 1920, "height": 1080, "x": 90.15412902832031, "y": 46.70634078979492, "z": 6.411442756652832, "fov": 90.0, "roll": -1.0000005960464478, "yaw": 47.99876403808594, "pitch": -24.999359130859375,