{
  "mode": "parallel",
  "save_root": "/home/ssj/Data/github/AwesomeMOTDataset/Dataset/Town02/Easy",
  "host": "127.0.0.1",
  "port": 2000,
  "weathers": ["Clear", "Cloudy", "Rain"],
  "vehicle_num": [50, 85, 115],
  "cameras": {
    "Easy_Camera_0": {"width": 1920, "height": 1080, "x": 173.4830780029297, "y": 175.37460327148438, "z": 25.6076602935791, "fov": 90.0, "roll": -0.9999995231628418, "yaw": 4.997408390045166, "pitch": -68.99832153320312, "max_record_frame": 10000},
    "Easy_Camera_1": {"width": 1920, "height": 1080, "x": 131.1304168701172, "y": 188.3710479736328, "z": 26.71358871459961, "fov": 90.0, "roll": -1.0000216960906982, "yaw": 33.997344970703125, "pitch": -79.99654388427734, "max_record_frame": 10000},
    "Easy_Camera_2": {"width": 1920, "height": 1080, "x": 126.42561340332031, "y": 218.05686950683594, "z": 28.849794387817383, "fov": 90.0, "roll": -0.9999976754188538, "yaw": -63.00175857543945, "pitch": -41.99922561645508, "max_record_frame": 10000},
    "Easy_Camera_3": {"width": 1920, "height": 1080, "x": 183.92901611328125, "y": 224.12522888183594, "z": 11.482696533203125, "fov": 90.0, "roll": -1.0000009536743164, "yaw": -63.00199508666992, "pitch": -33.99911117553711, "max_record_frame": 10000},
    "Easy_Camera_4": {"width": 1920, "height": 1080, "x": 129.79299926757812, "y": 248.23782348632812, "z": 19.306055068969727, "fov": 90.0, "roll": -1.0000019073486328, "yaw": -107.00155639648438, "pitch": -33.999114990234375, "max_record_frame": 10000},
    "Easy_Camera_5": {"width": 1920, "height": 1080, "x": 94.46810150146484, "y": 242.50888061523438, "z": 7.46655797958374, "fov": 90.0, "roll": -0.9999994039535522, "yaw": -156.99964904785156, "pitch": -28.99931526184082, "max_record_frame": 10000},
    "Easy_Camera_6": {"width": 1920, "height": 1080, "x": 59.92470932006836, "y": 241.3704833984375, "z": 9.934662818908691, "fov": 90.0, "roll": -0.9999994039535522, "yaw": -153.99974060058594, "pitch": -28.999267578125, "max_record_frame": 10000},
    "Easy_Camera_7": {"width": 1920, "height": 1080, "x": -3.3607847690582275, "y": 122.29999542236328, "z": 29.6046085357666, "fov": 90.0, "roll": 0.0, "yaw": -1.9999985694885254, "pitch": -83.99896240234375, "max_record_frame": 10000},
    "Easy_Camera_8": {"width": 1920, "height": 1080, "x": -15.709073066711426, "y": 120.05821228027344, "z": 13.982216835021973, "fov": 90.0, "roll": 2.035985062320833e-06, "yaw": -20.00030517578125, "pitch": -32.998626708984375, "max_record_frame": 10000},
    "Easy_Camera_9": {"width": 1920, "height": 1080, "x": 8.651735305786133, "y": 108.29708099365234, "z": 7.369278907775879, "fov": 90.0, "roll": 3.906864003511146e-05, "yaw": 0.008883477188646793, "pitch": -25.996826171875, "max_record_frame": 10000},
    "Easy_Camera_11": {"width": 1920, "height": 1080, "x": 39.18000793457031, "y": 186.84214782714844, "z": 23.681135177612305, "fov": 90.0, "roll": 2.726295315369498e-05, "yaw": 27.00762939453125, "pitch": -63.996395111083984, "max_record_frame": 10000},
    "Easy_Camera_12": {"width": 1920, "height": 1080, "x": 39.45543670654297, "y": 239.3762969970703, "z": 20.787626266479492, "fov": 90.0, "roll": 4.752759923576377e-05, "yaw": -0.9921571612358093, "pitch": -63.996402740478516, "max_record_frame": 10000},
    "Easy_Camera_13": {"width": 1920, "height": 1080, "x": 48.28684997558594, "y": 302.2326965332031, "z": 15.611791610717773, "fov": 90.0, "roll": 4.683852966991253e-05, "yaw": -0.9921568632125854, "pitch": -40.996116638183594, "max_record_frame": 10000}
  }
}
