{
  "mode": "parallel",
  "save_root": "/home/ssj/Data/github/AwesomeMOTDataset/Dataset/Town02/Middle",
  "host": "127.0.0.1",
  "port": 2000,
  "weathers": ["Clear", "Cloudy", "Rain"],
  "vehicle_num": [50, 85, 115],
  "cameras": {
    "Middle_Camera_0": {"width": 1920, "height": 1080, "x": 14.06624984741211, "y": 114.29789733886719, "z": 4.786603927612305, "fov": 90.0, "roll": 3.901740274159238e-05, "yaw": -11.99126148223877, "pitch": -23.996824264526367, "max_record_frame": 10000},
    "Middle_Camera_1": {"width": 1920, "height": 1080, "x": 48.583030700683594, "y": 302.2275695800781, "z": 11.37950325012207, "fov": 90.0, "roll": 4.652864663512446e-05, "yaw": 3.007845163345337, "pitch": -39.99609375, "max_record_frame": 10000},
    "Middle_Camera_2": {"width": 1920, "height": 1080, "x": 188.89739990234375, "y": 193.5785675048828, "z": 10.266780853271484, "fov": 90.0, "roll": 5.1310969865880907e-05, "yaw": -76.99113464355469, "pitch": -36.995601654052734, "max_record_frame": 10000},
    "Middle_Camera_3": {"width": 1920, "height": 1080, "x": 129.48626708984375, "y": 112.63666534423828, "z": 6.514527320861816, "fov": 90.0, "roll": 4.548931974568404e-05, "yaw": -163.9893035888672, "pitch": -8.995453834533691, "max_record_frame": 10000},
    "Middle_Camera_4": {"width": 1920, "height": 1080, "x": -17.11197853088379, "y": 125.13838958740234, "z": 11.9734468460083, "fov": 90.0, "roll": -1.0, "yaw": -15.00114917755127, "pitch": -28.9993839263916, "max_record_frame": 10000},
    "Middle_Camera_5": {"width": 1920, "height": 1080, "x": -11.29567813873291, "y": 111.20401763916016, "z": 10.05054759979248, "fov": 90.0, "roll": -1.0, "yaw": -13.001209259033203, "pitch": -28.9993839263916, "max_record_frame": 10000},
    "Middle_Camera_6": {"width": 1920, "height": 1080, "x": 116.75716400146484, "y": 186.2287139892578, "z": 15.287236213684082, "fov": 90.0, "roll": -1.0000008344650269, "yaw": 33.99799346923828, "pitch": -49.995689392089844, "max_record_frame": 10000},
    "Middle_Camera_7": {"width": 1920, "height": 1080, "x": 19.030237197875977, "y": 113.79011535644531, "z": 5.644674777984619, "fov": 90.0, "roll": -0.9999986290931702, "yaw": -41.001338958740234, "pitch": -25.999353408813477, "max_record_frame": 10000},
    "Middle_Camera_8": {"width": 1920, "height": 1080, "x": 113.42447662353516, "y": 198.45167541503906, "z": 10.44874095916748, "fov": 90.0, "roll": -0.9999986290931702, "yaw": -41.001338958740234, "pitch": -25.999353408813477, "max_record_frame": 10000},
    "Middle_Camera_9": {"width": 1920, "height": 1080, "x": 136.60986328125, "y": 202.61448669433594, "z": 11.245423316955566, "fov": 90.0, "roll": -1.0000015497207642, "yaw": -137.999755859375, "pitch": -28.9993839263916, "max_record_frame": 10000},
    "Middle_Camera_10": {"width": 1920, "height": 1080, "x": 96.8450698852539, "y": 247.5359649658203, "z": 10.329564094543457, "fov": 90.0, "roll": -1.0000015497207642, "yaw": -137.999755859375, "pitch": -28.9993839263916, "max_record_frame": 10000},
    "Middle_Camera_11": {"width": 1920, "height": 1080, "x": 1.7254852056503296, "y": 187.66329956054688, "z": 8.261229515075684, "fov": 90.0, "roll": -0.9999991059303284, "yaw": -94.99903106689453, "pitch": -17.99920082092285, "max_record_frame": 10000},
    "Middle_Camera_12": {"width": 1920, "height": 1080, "x": 174.5468292236328, "y": 196.63778686523438, "z": 4.814186096191406, "fov": 90.0, "roll": -0.9999986290931702, "yaw": -41.001338958740234, "pitch": -25.999353408813477, "max_record_frame": 10000}
  }
}
