{
  "mode": "parallel",
  "save_root": "/home/ssj/Data/github/AwesomeMOTDataset/Dataset/Town03/Easy",
  "host": "127.0.0.1",
  "port": 2000,
  "weathers": ["Clear", "Cloudy", "Rain"],
  "vehicle_num": [100, 170, 230],
  "cameras": {
    "Easy_Camera_0": {"width": 1920, "height": 1080, "x": -98.00580596923828, "y": -3.9298436641693115, "z": 72.95825958251953, "fov": 90.0, "roll": -81.53521728515625, "yaw": 170.53582763671875, "pitch": -88.99710845947266, "max_record_frame": 10000},
    "Easy_Camera_1": {"width": 1920, "height": 1080, "x": -86.87895965576172, "y": -30.581981658935547, "z": 43.98660659790039, "fov": 90.0, "roll": -8.91757869720459, "yaw": 101.00041961669922, "pitch": -54.97798538208008, "max_record_frame": 10000},
    "Easy_Camera_2": {"width": 1920, "height": 1080, "x": -80.86772918701172, "y": 6.146968364715576, "z": 22.037790298461914, "fov": 90.0, "roll": -2.927246570587158, "yaw": -81.99573516845703, "pitch": -30.97438621520996, "max_record_frame": 10000},
    "Easy_Camera_3": {"width": 1920, "height": 1080, "x": -95.21310424804688, "y": -4.095080852508545, "z": 25.03701400756836, "fov": 90.0, "roll": 1.2357649211480748e-05, "yaw": -63.99794006347656, "pitch": -33.99728012084961, "max_record_frame": 10000},
    "Easy_Camera_4": {"width": 1920, "height": 1080, "x": -30.198049545288086, "y": 1.539874792098999, "z": 40.37450408935547, "fov": 90.0, "roll": -4.999667167663574, "yaw": -6.997747421264648, "pitch": -56.99431228637695, "max_record_frame": 10000},
    "Easy_Camera_5": {"width": 1920, "height": 1080, "x": -21.573854446411133, "y": -119.45638275146484, "z": 50.31806564331055, "fov": 90.0, "roll": -1.9999974966049194, "yaw": -18.999557495117188, "pitch": -69.99917602539062, "max_record_frame": 10000},
    "Easy_Camera_6": {"width": 1920, "height": 1080, "x": 8.060662269592285, "y": -110.9779052734375, "z": 25.29522132873535, "fov": 90.0, "roll": -1.999969720840454, "yaw": -84.9984359741211, "pitch": -42.997859954833984, "max_record_frame": 10000},
    "Easy_Camera_7": {"width": 1920, "height": 1080, "x": 179.7191619873047, "y": 88.85679626464844, "z": 36.044681549072266, "fov": 90.0, "roll": -1.9998406171798706, "yaw": -104.99430084228516, "pitch": -62.99149703979492, "max_record_frame": 10000},
    "Easy_Camera_8": {"width": 1920, "height": 1080, "x": -98.87325286865234, "y": -153.84164428710938, "z": 51.64448547363281, "fov": 90.0, "roll": -8.003790855407715, "yaw": -22.00117301940918, "pitch": -58.99845886230469, "max_record_frame": 10000},
    "Easy_Camera_9": {"width": 1920, "height": 1080, "x": -10.573095321655273, "y": -113.6674575805664, "z": 43.42231369018555, "fov": 90.0, "roll": -8.004828453063965, "yaw": -33.000267028808594, "pitch": -66.99784088134766, "max_record_frame": 10000},
    "Easy_Camera_10": {"width": 1920, "height": 1080, "x": 212.09690856933594, "y": 2.206998348236084, "z": 52.67828369140625, "fov": 90.0, "roll": -9.006580352783203, "yaw": 9.997903823852539, "pitch": -81.99607849121094, "max_record_frame": 10000},
    "Easy_Camera_11": {"width": 1920, "height": 1080, "x": 211.31204223632812, "y": 62.24269485473633, "z": 51.13127899169922, "fov": 90.0, "roll": -9.006872177124023, "yaw": 9.998241424560547, "pitch": -76.99556732177734, "max_record_frame": 10000},
    "Easy_Camera_12": {"width": 1920, "height": 1080, "x": -0.5551846027374268, "y": 211.35946655273438, "z": 38.699771881103516, "fov": 90.0, "roll": -1.0091845989227295, "yaw": -43.00129318237305, "pitch": -68.99413299560547, "max_record_frame": 10000},
    "Easy_Camera_13": {"width": 1920, "height": 1080, "x": -5.272834300994873, "y": 203.767333984375, "z": 29.69127082824707, "fov": 90.0, "roll": 6.037049047336041e-07, "yaw": 3.000070095062256, "pitch": -44.999603271484375, "max_record_frame": 10000},
    "Easy_Camera_14": {"width": 1920, "height": 1080, "x": -2.1263585090637207, "y": 22.35657501220703, "z": 21.53322410583496, "fov": 90.0, "roll": -4.002072811126709, "yaw": 101.00382995605469, "pitch": -38.99837875366211, "max_record_frame": 10000},
    "Easy_Camera_15": {"width": 1920, "height": 1080, "x": -151.01507568359375, "y": 41.09848403930664, "z": 7.194114685058594, "fov": 90.0, "roll": -4.002107620239258, "yaw": 71.00123596191406, "pitch": -27.99762725830078, "max_record_frame": 10000},
    "Easy_Camera_16": {"width": 1920, "height": 1080, "x": -138.30589294433594, "y": 60.0858039855957, "z": 10.136326789855957, "fov": 90.0, "roll": 2.0000288486480713, "yaw": -44.99999237060547, "pitch": -23.998899459838867, "max_record_frame": 10000},
    "Easy_Camera_17": {"width": 1920, "height": 1080, "x": 170.07940673828125, "y": 61.09444808959961, "z": 20.409273147583008, "fov": 90.0, "roll": 4.213437557220459, "yaw": 112.79376983642578, "pitch": -43.99609375, "max_record_frame": 10000},
    "Easy_Camera_28": {"width": 1920, "height": 1080, "x": 82.00039672851562, "y": 2.9519731998443604, "z": 16.36390495300293, "fov": 90.0, "roll": 4.5349079300649464e-05, "yaw": -89.99896240234375, "pitch": -29.999658584594727, "max_record_frame": 10000},
    "Easy_Camera_19": {"width": 1920, "height": 1080, "x": 87.11775970458984, "y": -74.11778259277344, "z": 21.469451904296875, "fov": 90.0, "roll": -2.999969482421875, "yaw": 109.00706481933594, "pitch": -38.9974250793457, "max_record_frame": 10000}
  }
}
