{
  "mode": "parallel",
  "save_root": "/home/ssj/Data/github/AwesomeMOTDataset/Dataset/Town03/Middle",
  "host": "127.0.0.1",
  "port": 2000,
  "weathers": ["Clear", "Cloudy", "Rain"],
  "vehicle_num": [100, 170, 230],
  "cameras": {
    "Middle_Camera_0": {"width": 1920, "height": 1080, "x": -20.90400505065918, "y": 14.444602966308594, "z": 18.44239044189453, "fov": 90.0, "roll": 1.4417205420613755e-05, "yaw": 67.00851440429688, "pitch": -33.99697494506836, "max_record_frame": 10000},
    "Middle_Camera_1": {"width": 1920, "height": 1080, "x": -6.573616981506348, "y": 129.39984130859375, "z": 10.702219009399414, "fov": 90.0, "roll": -1.0000025033950806, "yaw": -68.00128936767578, "pitch": -28.9993839263916, "max_record_frame": 10000},
    "Middle_Camera_2": {"width": 1920, "height": 1080, "x": 158.59898376464844, "y": -124.82960510253906, "z": 24.618383407592773, "fov": 90.0, "roll": 2.7098336431663483e-05, "yaw": -92.99445343017578, "pitch": -34.998313903808594, "max_record_frame": 10000},
    "Middle_Camera_3": {"width": 1920, "height": 1080, "x": -14.162890434265137, "y": 129.01576232910156, "z": 15.491236686706543, "fov": 90.0, "roll": -2.0, "yaw": 43.99386215209961, "pitch": -30.998620986938477, "max_record_frame": 10000},
    "Middle_Camera_4": {"width": 1920, "height": 1080, "x": -53.47237777709961, "y": 148.90252685546875, "z": 15.399619102478027, "fov": 90.0, "roll": -1.0003670454025269, "yaw": -134.00469970703125, "pitch": -33.99828338623047, "max_record_frame": 10000},
    "Middle_Camera_5": {"width": 1920, "height": 1080, "x": -137.87403869628906, "y": 116.3442153930664, "z": 8.687827110290527, "fov": 90.0, "roll": -1.0003656148910522, "yaw": -106.00508117675781, "pitch": -14.9982271194458, "max_record_frame": 10000},
    "Middle_Camera_6": {"width": 1920, "height": 1080, "x": 66.99417114257812, "y": 9.298299789428711, "z": 3.646914005279541, "fov": 90.0, "roll": 7.479223131667823e-05, "yaw": -9.003947257995605, "pitch": -13.999448776245117, "max_record_frame": 10000},
    "Middle_Camera_7": {"width": 1920, "height": 1080, "x": 46.3264045715332, "y": 79.09342193603516, "z": 35.10657501220703, "fov": 90.0, "roll": -0.9999991655349731, "yaw": -19.998258590698242, "pitch": -41.999691009521484, "max_record_frame": 10000},
    "Middle_Camera_8": {"width": 1920, "height": 1080, "x": 224.330810546875, "y": 35.81592559814453, "z": 11.216654777526855, "fov": 90.0, "roll": -0.9999995231628418, "yaw": 77.00127410888672, "pitch": -20.999353408813477, "max_record_frame": 10000},
    "Middle_Camera_9": {"width": 1920, "height": 1080, "x": 156.72088623046875, "y": -97.00008392333984, "z": 26.11614227294922, "fov": 90.0, "roll": -0.9999983310699463, "yaw": 136.00119018554688, "pitch": -25.999202728271484, "max_record_frame": 10000},
    "Middle_Camera_10": {"width": 1920, "height": 1080, "x": 165.21348571777344, "y": -157.1018524169922, "z": 19.089580535888672, "fov": 90.0, "roll": -1.0000009536743164, "yaw": 113.99919891357422, "pitch": -31.99901008605957, "max_record_frame": 10000},
    "Middle_Camera_11": {"width": 1920, "height": 1080, "x": 157.66244506835938, "y": -161.1420440673828, "z": 30.246166229248047, "fov": 90.0, "roll": -0.9999988675117493, "yaw": 122.99779510498047, "pitch": -55.99858856201172, "max_record_frame": 10000},
    "Middle_Camera_12": {"width": 1920, "height": 1080, "x": -66.42984771728516, "y": -21.013845443725586, "z": 11.133875846862793, "fov": 90.0, "roll": 2.9522179829655215e-05, "yaw": 125.99765014648438, "pitch": -32.999813079833984, "max_record_frame": 10000},
    "Middle_Camera_13": {"width": 1920, "height": 1080, "x": -36.51826858520508, "y": -148.4048309326172, "z": 19.639808654785156, "fov": 90.0, "roll": -2.9999706745147705, "yaw": 39.99728012084961, "pitch": -34.99980926513672, "max_record_frame": 10000},
    "Middle_Camera_14": {"width": 1920, "height": 1080, "x": 201.72756958007812, "y": -14.21041202545166, "z": 27.54140281677246, "fov": 90.0, "roll": 2.7298212444293313e-05, "yaw": 39.99858856201172, "pitch": -43.99968719482422, "max_record_frame": 10000},
    "Middle_Camera_15": {"width": 1920, "height": 1080, "x": -99.38690948486328, "y": 12.086697578430176, "z": 2.0926425457000732, "fov": 90.0, "roll": -2.00006103515625, "yaw": -57.00067901611328, "pitch": -11.999138832092285, "max_record_frame": 10000},
    "Middle_Camera_16": {"width": 1920, "height": 1080, "x": -83.2682876586914, "y": -19.870540618896484, "z": 15.45430850982666, "fov": 90.0, "roll": -2.0000622272491455, "yaw": 52.00080871582031, "pitch": -39.998619079589844, "max_record_frame": 10000},
    "Middle_Camera_17": {"width": 1920, "height": 1080, "x": -104.02613830566406, "y": -144.85438537597656, "z": 6.99583625793457, "fov": 90.0, "roll": -2.00006103515625, "yaw": -23.000593185424805, "pitch": -25.998567581176758, "max_record_frame": 10000},
    "Middle_Camera_18": {"width": 1920, "height": 1080, "x": -8.747763633728027, "y": 30.290090560913086, "z": 8.091760635375977, "fov": 90.0, "roll": -2.00006103515625, "yaw": 81.99939727783203, "pitch": -21.99853515625, "max_record_frame": 10000},
    "Middle_Camera_19": {"width": 1920, "height": 1080, "x": -3.6579604148864746, "y": 20.369653701782227, "z": 20.43062400817871, "fov": 90.0, "roll": 1.6108009731397033e-05, "yaw": 89.99974060058594, "pitch": -31.999940872192383, "max_record_frame": 10000},
    "Middle_Camera_20": {"width": 1920, "height": 1080, "x": 3.128018379211426, "y": 36.64739227294922, "z": 11.385744094848633, "fov": 90.0, "roll": 1.6676223822287284e-05, "yaw": 112.9992446899414, "pitch": -34.99989700317383, "max_record_frame": 10000},
    "Middle_Camera_21": {"width": 1920, "height": 1080, "x": -6.250751972198486, "y": 129.57261657714844, "z": 9.379934310913086, "fov": 90.0, "roll": -0.0006413387018255889, "yaw": 78.99739837646484, "pitch": -28.999664306640625, "max_record_frame": 10000},
    "Middle_Camera_22": {"width": 1920, "height": 1080, "x": -11.781211853027344, "y": 122.36650085449219, "z": 15.027968406677246, "fov": 90.0, "roll": -0.0006419611163437366, "yaw": 62.996360778808594, "pitch": -39.999595642089844, "max_record_frame": 10000},
    "Middle_Camera_23": {"width": 1920, "height": 1080, "x": -8.539092063903809, "y": 183.90003967285156, "z": 10.581738471984863, "fov": 90.0, "roll": -0.0006404505111277103, "yaw": 32.99650192260742, "pitch": -30.999441146850586, "max_record_frame": 10000},
    "Middle_Camera_24": {"width": 1920, "height": 1080, "x": -115.75576782226562, "y": 153.07025146484375, "z": 23.0436954498291, "fov": 90.0, "roll": -0.0006408875342458487, "yaw": -44.003135681152344, "pitch": -42.99917221069336, "max_record_frame": 10000},
    "Middle_Camera_25": {"width": 1920, "height": 1080, "x": -23.529748916625977, "y": 147.530029296875, "z": 11.750149726867676, "fov": 90.0, "roll": 0.0, "yaw": -13.000264167785645, "pitch": -21.000001907348633, "max_record_frame": 10000},
    "Middle_Camera_26": {"width": 1920, "height": 1080, "x": 192.1959686279297, "y": 77.06838989257812, "z": 8.524895668029785, "fov": 90.0, "roll": 2.9264478143886663e-05, "yaw": 147.99851989746094, "pitch": -20.999940872192383, "max_record_frame": 10000},
    "Middle_Camera_27": {"width": 1920, "height": 1080, "x": -27.156333923339844, "y": -107.6879653930664, "z": 25.20855712890625, "fov": 90.0, "roll": -1.9999723434448242, "yaw": -32.00538635253906, "pitch": -46.99932098388672, "max_record_frame": 10000},
    "Middle_Camera_28": {"width": 1920, "height": 1080, "x": -87.74459075927734, "y": -17.645605087280273, "z": 6.511880874633789, "fov": 90.0, "roll": -3.000000238418579, "yaw": 116.00123596191406, "pitch": -20.99981117248535, "max_record_frame": 10000},
    "Middle_Camera_29": {"width": 1920, "height": 1080, "x": -67.67739868164062, "y": -35.1109733581543, "z": 14.8855562210083, "fov": 90.0, "roll": -3.000002384185791, "yaw": 109.00159454345703, "pitch": -26.99981117248535, "max_record_frame": 10000},
    "Middle_Camera_30": {"width": 1920,