{
  "mode": "parallel",
  "save_root": "/home/ssj/Data/github/AwesomeMOTDataset/Dataset/Town01/All",
  "host": "127.0.0.1",
  "port": 2000,
  "weathers": ["Clear", "Cloudy", "Rain"],
  "vehicle_num": [50, 75, 95],
  "cameras": {
    "Easy_Camera_0": {"width": 1920, "height": 1080, "x": -2.6698362827301025, "y": 2.406118392944336, "z": 28.112003326416016, "fov": 90.0, "roll": 1.3672592103830539e-05, "yaw": 43.00983428955078, "pitch": -67.99636840820312, "max_record_frame": 10000},
    "Easy_Camera_1": {"width": 1920, "height": 1080, "x": -10.327632904052734, "y": 9.79035758972168, "z": 28.49886131286621, "fov": 90.0, "roll": -0.9999999403953552, "yaw": 1.9982154369354248, "pitch": -59.99800491333008, "max_record_frame": 10000},
    "Easy_Camera_2": {"width": 1920, "height": 1080, "x": -9.71756362915039, "y": 54.83216857910156, "z": 26.293527603149414, "fov": 90.0, "roll": -0.9999999403953552, "yaw": 1.9982154369354248, "pitch": -59.99800491333008, "max_record_frame": 10000},
    "Easy_Camera_3": {"width": 1920, "height": 1080, "x": 93.458984375, "y": 314.5130310058594, "z": 22.997697830200195, "fov": 90.0, "roll": -0.9999905228614807, "yaw": 93.99774932861328, "pitch": -74.99547576904297, "max_record_frame": 10000},
    "Easy_Camera_4": {"width": 1920, "height": 1080, "x": 89.7321548461914, "y": -8.412396430969238, "z": 18.42718505859375, "fov": 90.0, "roll": 2.8997908884775825e-05, "yaw": 93.00823211669922, "pitch": -57.99679946899414, "max_record_frame": 10000},
    "Easy_Camera_5": {"width": 1920, "height": 1080, "x": 145.27017211914062, "y": -6.5160698890686035, "z": 26.059345245361328, "fov": 90.0, "roll": 4.5107590267434716e-05, "yaw": 56.0079460144043, "pitch": -57.99658966064453, "max_record_frame": 10000},
    "Easy_Camera_6": {"width": 1920, "height": 1080, "x": 88.07027435302734, "y": 142.39044189453125, "z": 24.94202423095703, "fov": 90.0, "roll": -0.9999956488609314, "yaw": -68.00167083740234, "pitch": -66.9986343383789, "max_record_frame": 10000},
    "Easy_Camera_7": {"width": 1920, "height": 1080, "x": 89.09149932861328, "y": 57.44026565551758, "z": 7.094574928283691, "fov": 90.0, "roll": 4.174773130216636e-05, "yaw": 92.00822448730469, "pitch": -10.99694538116455, "max_record_frame": 10000},
    "Easy_Camera_8": {"width": 1920, "height": 1080, "x": 150.8278045654297, "y": 50.84778594970703, "z": 19.55246925354004, "fov": 90.0, "roll": 6.1935702433402184e-06, "yaw": 54.00857162475586, "pitch": -73.99645233154297, "max_record_frame": 10000},
    "Easy_Camera_9": {"width": 1920, "height": 1080, "x": 83.15587615966797, "y": 156.11172485351562, "z": 11.836471557617188, "fov": 90.0, "roll": -0.9999989867210388, "yaw": -64.00224304199219, "pitch": -40.999202728271484, "max_record_frame": 10000},
    "Easy_Camera_10": {"width": 1920, "height": 1080, "x": 103.77596282958984, "y": 208.54840087890625, "z": 32.119834899902344, "fov": 90.0, "roll": -0.9999961853027344, "yaw": -90.00287628173828, "pitch": -69.99835968017578, "max_record_frame": 10000},
    "Easy_Camera_11": {"width": 1920, "height": 1080, "x": 196.76161193847656, "y": 204.96620178222656, "z": 27.036945343017578, "fov": 90.0, "roll": -0.9999961853027344, "yaw": -90.00287628173828, "pitch": -69.99835968017578, "max_record_frame": 10000},
    "Easy_Camera_12": {"width": 1920, "height": 1080, "x": 11.025739669799805, "y": -13.008889198303223, "z": 11.848464012145996, "fov": 90.0, "roll": 1.282796984014567e-05, "yaw": 99.0083236694336, "pitch": -36.99694061279297, "max_record_frame": 10000},
    "Middle_Camera_0": {"width": 1920, "height": 1080, "x": 341.04632568359375, "y": 125.49140167236328, "z": 10.093286514282227, "fov": 90.0, "roll": 2.9224685931694694e-05, "yaw": 150.00804138183594, "pitch": -26.9969425201416, "max_record_frame": 10000},
    "Middle_Camera_1": {"width": 1920, "height": 1080, "x": -5.339836120605469, "y": 20.404273986816406, "z": 3.7883543968200684, "fov": 90.0, "roll": 1.6107491319417022e-05, "yaw": 67.00898742675781, "pitch": -31.99697494506836, "max_record_frame": 10000},
    "Middle_Camera_2": {"width": 1920, "height": 1080, "x": 210.59976196289062, "y": 118.21761322021484, "z": 5.997570514678955, "fov": 90.0, "roll": -1.0000015497207642, "yaw": 119.99784088134766, "pitch": -24.999229431152344, "max_record_frame": 10000},
    "Middle_Camera_3": {"width": 1920, "height": 1080, "x": 231.73153686523438, "y": 188.25328063964844, "z": 5.155831813812256, "fov": 90.0, "roll": -1.0000007152557373, "yaw": 139.99769592285156, "pitch": -24.9991397857666, "max_record_frame": 10000},
    "Middle_Camera_4": {"width": 1920, "height": 1080, "x": 255.15740966796875, "y": 198.84117126464844, "z": 12.477998733520508, "fov": 90.0, "roll": -0.9999998211860657, "yaw": -175.00303649902344, "pitch": -24.9991397857666, "max_record_frame": 10000},
    "Middle_Camera_5": {"width": 1920, "height": 1080, "x": 219.59413146972656, "y": 18.867923736572266, "z": 16.922887802124023, "fov": 90.0, "roll": -1.000000238418579, "yaw": -41.00156021118164, "pitch": -16.999082565307617, "max_record_frame": 10000},
    "Middle_Camera_6": {"width": 1920, "height": 1080, "x": -5.701948165893555, "y": 19.550861358642578, "z": 7.39639139175415, "fov": 90.0, "roll": 2.292898716405034e-05, "yaw": 68.0087661743164, "pitch": -34.99697494506836, "max_record_frame": 10000},
    "Middle_Camera_7": {"width": 1920, "height": 1080, "x": 0.12208432704210281, "y": 7.046303749084473, "z": 10.14360523223877, "fov": 90.0, "roll": 3.4984816011274233e-05, "yaw": -5.990300178527832, "pitch": -30.996946334838867, "max_record_frame": 10000},
    "Middle_Camera_8": {"width": 1920, "height": 1080, "x": 222.84982299804688, "y": 144.95787048339844, "z": 4.295575141906738, "fov": 90.0, "roll": -1.0000007152557373, "yaw": -45.001285552978516, "pitch": -25.999359130859375, "max_record_frame": 10000},
    "Middle_Camera_9": {"width": 1920, "height": 1080, "x": 337.67230224609375, "y": 115.80352020263672, "z": 12.816944122314453, "fov": 90.0, "roll": 2.587103699625004e-05, "yaw": 125.00862884521484, "pitch": -26.9969425201416, "max_record_frame": 10000},
    "Middle_Camera_10": {"width": 1920, "height": 1080, "x": 96.23992156982422, "y": 191.65823364257812, "z": 4.693814277648926, "fov": 90.0, "roll": -1.3342244642444712e-08, "yaw": 20.999820709228516, "pitch": -0.9999942779541016, "max_record_frame": 10000},
    "Middle_Camera_11": {"width": 1920, "height": 1080, "x": 114.07978057861328, "y": 205.34140014648438, "z": 9.244550704956055, "fov": 90.0, "roll": 6.546355280079297e-07, "yaw": -162.00137329101562, "pitch": -12.0, "max_record_frame": 10000},
    "Middle_Camera_12": {"width": 1920, "height": 1080, "x": 143.32655334472656, "y": 40.519989013671875, "z": 9.649557113647461, "fov": 90.0, "roll": 2.574501013441477e-05, "yaw": 54.00862121582031, "pitch": -33.99697494506836, "max_record_frame": 10000},
    "Hard_Camera_0": {"width": 1920, "height": 1080, "x": 128.4268341064453, "y": 210.99192810058594, "z": 18.94906997680664, "fov": 90.0, "roll": 5.000372886657715, "yaw": -42.00038146972656, "pitch": -43.99959945678711, "max_record_frame": 10000},
    "Hard_Camera_1": {"width": 1920, "height": 1080, "x": 284.7183532714844, "y": 70.21271514892578, "z": 5.996962070465088, "fov": 90.0, "roll": -0.9999998211860657, "yaw": -134.00242614746094, "pitch": -24.999147415161133, "max_record_frame": 10000},
    "Hard_Camera_2": {"width": 1920, "height": 1080, "x": 214.56790161132812, "y": 117.3433837890625, "z": 7.217936038970947, "fov": 90.0, "roll": -1.0000015497207642, "yaw": 119.99784088134766, "pitch": -24.999229431152344, "max_record_frame": 10000},
    "Hard_Camera_3": {"width": 1920, "height": 1080, "x": 227.16970825195312, "y": 180.1352081298828, "z": 3.847477436065674, "fov": 90.0, "roll": -1.0000015497207642, "yaw": 119.99784088134766, "pitch": -24.999229431152344, "max_record_frame": 10000},
    "Hard_Camera_4": {"width": 1920, "height": 1080, "x": 83.19877624511719, "y": 121.83842468261719, "z": 3.5252981185913086, "fov": 90.0,