{
  "mode": "parallel",
  "save_root": "/home/ssj/Data/github/AwesomeMOTDataset/Dataset",
  "host": "127.0.0.1",
  "port": 2000,
  "cameras": {
    "Easy_Camera_Cross0": {"width": 1920, "height": 1080, "x": -59.9385871887207, "y": -15.001630783081055, "z": 32.788326263427734, "fov": 90.0, "roll": 2.334773625989328e-06, "yaw": 54.00031661987305, "pitch": -42.999935150146484, "max_record_frame": 10000},
    "Easy_Camera_Cross1": {"width": 1920, "height": 1080, "x": -79.3550796508789, "y": -0.8948922753334045, "z": 32.788326263427734, "fov": 90.0, "roll": 1.0506457329029217e-05, "yaw": 42.000396728515625, "pitch": -42.999786376953125, "max_record_frame": 10000}
  }
}
