{
  "mode": "parallel",
  "save_root": "/home/ssj/Data/github/AwesomeMOTDataset/Dataset/Town05/Easy",
  "host": "127.0.0.1",
  "port": 2000,
  "weathers": ["Clear", "Cloudy", "Rain"],
  "vehicle_num": [100, 170, 230],
  "cameras": {
    "Easy_Camera_0": {"width": 1920, "height": 1080, "x": -49.686424255371094, "y": 73.34735870361328, "z": 36.30912780761719, "fov": 90.0, "roll": 7.763816392980516e-05, "yaw": -88.99996948242188, "pitch": -75.99949645996094, "max_record_frame": 10000},
    "Easy_Camera_1": {"width": 1920, "height": 1080, "x": -180.55824279785156, "y": 24.81035041809082, "z": 48.538387298583984, "fov": 90.0, "roll": -2.045348644256592, "yaw": -176.99903869628906, "pitch": -20.999019622802734, "max_record_frame": 10000},
    "Easy_Camera_2": {"width": 1920, "height": 1080, "x": -181.8632049560547, "y": 57.76620101928711, "z": 47.43881607055664, "fov": 90.0, "roll": -2.04534912109375, "yaw": -176.99903869628906, "pitch": -68.99788665771484, "max_record_frame": 10000},
    "Easy_Camera_3": {"width": 1920, "height": 1080, "x": -132.35240173339844, "y": -76.78215026855469, "z": 25.62818145751953, "fov": 90.0, "roll": -3.1649508476257324, "yaw": 95.11821746826172, "pitch": -65.99054718017578, "max_record_frame": 10000},
    "Easy_Camera_4": {"width": 1920, "height": 1080, "x": -131.16860961914062, "y": -61.3311767578125, "z": 14.062493324279785, "fov": 90.0, "roll": -3.164888381958008, "yaw": -79.88423156738281, "pitch": -33.98700714111328, "max_record_frame": 10000},
    "Easy_Camera_5": {"width": 1920, "height": 1080, "x": 68.2046890258789, "y": 137.1416015625, "z": 68.64762115478516, "fov": 90.0, "roll": -3.1648826599121094, "yaw": 127.1141586303711, "pitch": -53.98693084716797, "max_record_frame": 10000},
    "Easy_Camera_6": {"width": 1920, "height": 1080, "x": -75.62312316894531, "y": 210.7942657470703, "z": 70.4605484008789, "fov": 90.0, "roll": -3.164983034133911, "yaw": -84.88583374023438, "pitch": -81.98542022705078, "max_record_frame": 10000},
    "Easy_Camera_7": {"width": 1920, "height": 1080, "x": -154.71246337890625, "y": 159.6212921142578, "z": 42.72724533081055, "fov": 90.0, "roll": 160.64483642578125, "yaw": 163.29998779296875, "pitch": -88.99691772460938, "max_record_frame": 10000},
    "Easy_Camera_8": {"width": 1920, "height": 1080, "x": -206.0651092529297, "y": 89.33051300048828, "z": 34.18114471435547, "fov": 90.0, "roll": 11.941014289855957, "yaw": -9.235257311956957e-05, "pitch": -69.99788665771484, "max_record_frame": 10000},
    "Easy_Camera_9": {"width": 1920, "height": 1080, "x": -49.63831329345703, "y": -125.55888366699219, "z": 21.433500289916992, "fov": 90.0, "roll": 1.9439014196395874, "yaw": -179.0037841796875, "pitch": -43.99687194824219, "max_record_frame": 10000},
    "Easy_Camera_10": {"width": 1920, "height": 1080, "x": -24.322357177734375, "y": -107.126220703125, "z": 56.18722152709961, "fov": 90.0, "roll": 1.9438130855560303, "yaw": -179.00372314453125, "pitch": -86.99351501464844, "max_record_frame": 10000},
    "Easy_Camera_11": {"width": 1920, "height": 1080, "x": -200.7675018310547, "y": 96.6061782836914, "z": 34.18114471435547, "fov": 90.0, "roll": 160.64483642578125, "yaw": 163.29998779296875, "pitch": -88.99691772460938, "max_record_frame": 10000},
    "Easy_Camera_12": {"width": 1920, "height": 1080, "x": -192.1195831298828, "y": -123.60049438476562, "z": 26.359289169311523, "fov": 90.0, "roll": 11.94271469116211, "yaw": -15.00121021270752, "pitch": -51.99734115600586, "max_record_frame": 10000}
  }
}
