{
  "mode": "parallel",
  "save_root": "/home/ssj/Data/github/AwesomeMOTDataset/Dataset/Town03/Easy",
  "host": "127.0.0.1",
  "port": 2000,
  "weathers": ["Clear", "Cloudy", "Rain"],
  "vehicle_num": [100, 170, 230],
  "cameras": {
    "Middle_Camera_0": {"width": 1920, "height": 1080, "x": 341.04632568359375, "y": 125.49140167236328, "z": 10.093286514282227, "fov": 90.0, "roll": 2.9224685931694694e-05, "yaw": 150.00804138183594, "pitch": -26.9969425201416, "max_record_frame": 10000},
    "Middle_Camera_1": {"width": 1920, "height": 1080, "x": -5.339836120605469, "y": 20.404273986816406, "z": 3.7883543968200684, "fov": 90.0, "roll": 1.6107491319417022e-05, "yaw": 67.00898742675781, "pitch": -31.99697494506836, "max_record_frame": 10000},
    "Middle_Camera_2": {"width": 1920, "height": 1080, "x": 68.15426635742188, "y": 3.2671797275543213, "z": 4.202833652496338, "fov": 90.0, "roll": 2.782454430416692e-05, "yaw": 10.009222984313965, "pitch": -22.996944427490234, "max_record_frame": 10000},
    "Middle_Camera_3": {"width": 1920, "height": 1080, "x": 83.98995971679688, "y": 120.61719512939453, "z": 6.148773193359375, "fov": 90.0, "roll": -1.0000025033950806, "yaw": -67.0013198852539, "pitch": -28.9993839263916, "max_record_frame": 10000},
    "Middle_Camera_4": {"width": 1920, "height": 1080, "x": 210.59976196289062, "y": 118.21761322021484, "z": 5.997570514678955, "fov": 90.0, "roll": -1.0000015497207642, "yaw": 119.99784088134766, "pitch": -24.999229431152344, "max_record_frame": 10000},
    "Middle_Camera_5": {"width": 1920, "height": 1080, "x": 231.73153686523438, "y": 188.25328063964844, "z": 5.155831813812256, "fov": 90.0, "roll": -1.0000007152557373, "yaw": 139.99769592285156, "pitch": -24.9991397857666, "max_record_frame": 10000},
    "Middle_Camera_6": {"width": 1920, "height": 1080, "x": 255.15740966796875, "y": 198.84117126464844, "z": 12.477998733520508, "fov": 90.0, "roll": -0.9999998211860657, "yaw": -175.00303649902344, "pitch": -24.9991397857666, "max_record_frame": 10000},
    "Middle_Camera_7": {"width": 1920, "height": 1080, "x": 249.79229736328125, "y": 198.37210083007812, "z": 9.942371368408203, "fov": 90.0, "roll": -0.9999999403953552, "yaw": -174.0030059814453, "pitch": -24.9991397857666, "max_record_frame": 10000},
    "Middle_Camera_8": {"width": 1920, "height": 1080, "x": 270.2262268066406, "y": 71.8324203491211, "z": 5.536251544952393, "fov": 90.0, "roll": -1.000000238418579, "yaw": -54.001468658447266, "pitch": -16.999082565307617, "max_record_frame": 10000},
    "Middle_Camera_9": {"width": 1920, "height": 1080, "x": 219.59413146972656, "y": 18.867923736572266, "z": 16.922887802124023, "fov": 90.0, "roll": -1.000000238418579, "yaw": -41.00156021118164, "pitch": -16.999082565307617, "max_record_frame": 10000}
  }
}
