{
  "mode": "parallel",
  "save_root": "/home/ssj/Data/github/AwesomeMOTDataset/Dataset/Town01/Middle",
  "host": "127.0.0.1",
  "port": 2000,
  "weathers": ["Clear", "Cloudy", "Rain"],
  "vehicle_num": [50, 85, 115],
  "cameras": {
    "Middle_Camera_0": {"width": 1920, "height": 1080, "x": 341.04632568359375, "y": 125.49140167236328, "z": 10.093286514282227, "fov": 90.0, "roll": 2.9224685931694694e-05, "yaw": 150.00804138183594, "pitch": -26.9969425201416, "max_record_frame": 10000},
    "Middle_Camera_1": {"width": 1920, "height": 1080, "x": -5.339836120605469, "y": 20.404273986816406, "z": 3.7883543968200684, "fov": 90.0, "roll": 1.6107491319417022e-05, "yaw": 67.00898742675781, "pitch": -31.99697494506836, "max_record_frame": 10000},
    "Middle_Camera_2": {"width": 1920, "height": 1080, "x": 210.59976196289062, "y": 118.21761322021484, "z": 5.997570514678955, "fov": 90.0, "roll": -1.0000015497207642, "yaw": 119.99784088134766, "pitch": -24.999229431152344, "max_record_frame": 10000},
    "Middle_Camera_3": {"width": 1920, "height": 1080, "x": 231.73153686523438, "y": 188.25328063964844, "z": 5.155831813812256, "fov": 90.0, "roll": -1.0000007152557373, "yaw": 139.99769592285156, "pitch": -24.9991397857666, "max_record_frame": 10000},
    "Middle_Camera_4": {"width": 1920, "height": 1080, "x": 255.15740966796875, "y": 198.84117126464844, "z": 12.477998733520508, "fov": 90.0, "roll": -0.9999998211860657, "yaw": -175.00303649902344, "pitch": -24.9991397857666, "max_record_frame": 10000},
    "Middle_Camera_5": {"width": 1920, "height": 1080, "x": 219.59413146972656, "y": 18.867923736572266, "z": 16.922887802124023, "fov": 90.0, "roll": -1.000000238418579, "yaw": -41.00156021118164, "pitch": -16.999082565307617, "max_record_frame": 10000},
    "Middle_Camera_6": {"width": 1920, "height": 1080, "x": -5.701948165893555, "y": 19.550861358642578, "z": 7.39639139175415, "fov": 90.0, "roll": 2.292898716405034e-05, "yaw": 68.0087661743164, "pitch": -34.99697494506836, "max_record_frame": 10000},
    "Middle_Camera_7": {"width": 1920, "height": 1080, "x": 0.12208432704210281, "y": 7.046303749084473, "z": 10.14360523223877, "fov": 90.0, "roll": 3.4984816011274233e-05, "yaw": -5.990300178527832, "pitch": -30.996946334838867, "max_record_frame": 10000},
    "Middle_Camera_8": {"width": 1920, "height": 1080, "x": 222.84982299804688, "y": 144.95787048339844, "z": 4.295575141906738, "fov": 90.0, "roll": -1.0000007152557373, "yaw": -45.001285552978516, "pitch": -25.999359130859375, "max_record_frame": 10000},
    "Middle_Camera_9": {"width": 1920, "height": 1080, "x": 337.67230224609375, "y": 115.80352020263672, "z": 12.816944122314453, "fov": 90.0, "roll": 2.587103699625004e-05, "yaw": 125.00862884521484, "pitch": -26.9969425201416, "max_record_frame": 10000},
    "Middle_Camera_10": {"width": 1920, "height": 1080, "x": 96.23992156982422, "y": 191.65823364257812, "z": 4.693814277648926, "fov": 90.0, "roll": -1.3342244642444712e-08, "yaw": 20.999820709228516, "pitch": -0.9999942779541016, "max_record_frame": 10000},
    "Middle_Camera_11": {"width": 1920, "height": 1080, "x": 114.07978057861328, "y": 205.34140014648438, "z": 9.244550704956055, "fov": 90.0, "roll": 6.546355280079297e-07, "yaw": -162.00137329101562, "pitch": -12.0, "max_record_frame": 10000},
    "Middle_Camera_12": {"width": 1920, "height": 1080, "x": 143.32655334472656, "y": 40.519989013671875, "z": 9.649557113647461, "fov": 90.0, "roll": 2.574501013441477e-05, "yaw": 54.00862121582031, "pitch": -33.99697494506836, "max_record_frame": 10000}
  }
}
