{
  "mode": "parallel",
  "host": "127.0.0.1",
  "port": 2000,
  "save_root": "/home/ssj/Data/github/AwesomeMOTDataset/Dataset/Town02/Hard",
  "weathers": ["Clear", "Cloudy", "Rain"],
  "vehicle_num": [50, 85, 115],
  "cameras": {
    "Hard_Camera_0": {"width": 1920, "height": 1080, "x": 56.50016403198242, "y": 236.36288452148438, "z": 7.071664810180664, "fov": 90.0, "roll": -1.0000004768371582, "yaw": -146.99949645996094, "pitch": -28.999267578125, "max_record_frame": 10000},
    "Hard_Camera_1": {"width": 1920, "height": 1080, "x": 206.4913787841797, "y": 173.87396240234375, "z": 9.43953800201416, "fov": 90.0, "roll": 4.559394437819719e-05, "yaw": -114.99073791503906, "pitch": -25.995508193969727, "max_record_frame": 10000},
    "Hard_Camera_2": {"width": 1920, "height": 1080, "x": 100.189208984375, "y": 125.09076690673828, "z": 4.505535125732422, "fov": 90.0, "roll": 4.4390588300302625e-05, "yaw": -148.9901123046875, "pitch": -23.9954776763916, "max_record_frame": 10000},
    "Hard_Camera_3": {"width": 1920, "height": 1080, "x": 54.33745574951172, "y": 178.45407104492188, "z": 1.4594314098358154, "fov": 90.0, "roll": 4.7850640839897096e-05, "yaw": 127.01018524169922, "pitch": 8.004544258117676, "max_record_frame": 10000},
    "Hard_Camera_4": {"width": 1920, "height": 1080, "x": 37.169857025146484, "y": 208.46878051757812, "z": 5.736683368682861, "fov": 90.0, "roll": -1.0000003576278687, "yaw": -126.99920654296875, "pitch": -28.999267578125, "max_record_frame": 10000},
    "Hard_Camera_5": {"width": 1920, "height": 1080, "x": 12.173044204711914, "y": 195.49359130859375, "z": 3.4608256816864014, "fov": 90.0, "roll": -1.0000004768371582, "yaw": -126.99886322021484, "pitch": -17.99920082092285, "max_record_frame": 10000},
    "Hard_Camera_6": {"width": 1920, "height": 1080, "x": 16.093448638916016, "y": 178.4328155517578, "z": 6.92609167098999, "fov": 90.0, "roll": 4.2521958675934e-05, "yaw": 35.008888244628906, "pitch": -23.996824264526367, "max_record_frame": 10000},
    "Hard_Camera_7": {"width": 1920, "height": 1080, "x": 136.75164794921875, "y": 206.93145751953125, "z": 4.106625556945801, "fov": 90.0, "roll": 5.1791768783004954e-05, "yaw": -77.99164581298828, "pitch": -30.995662689208984, "max_record_frame": 10000},
    "Hard_Camera_8": {"width": 1920, "height": 1080, "x": 175.3726348876953, "y": 194.99200439453125, "z": 3.64088773727417, "fov": 90.0, "roll": -1.0000014305114746, "yaw": -38.00107192993164, "pitch": -22.99932861328125, "max_record_frame": 10000},
    "Hard_Camera_9": {"width": 1920, "height": 1080, "x": 6.058590412139893, "y": 130.3022918701172, "z": 5.3531084060668945, "fov": 90.0, "roll": -0.9999989867210388, "yaw": -68.00135803222656, "pitch": -25.999387741088867, "max_record_frame": 10000},
    "Hard_Camera_10": {"width": 1920, "height": 1080, "x": 128.4282989501953, "y": 201.23704528808594, "z": 9.387712478637695, "fov": 90.0, "roll": -0.9999986290931702, "yaw": -41.001338958740234, "pitch": -25.999353408813477, "max_record_frame": 10000},
    "Hard_Camera_11": {"width": 1920, "height": 1080, "x": 141.63796997070312, "y": 225.2474822998047, "z": 3.763944387435913, "fov": 90.0, "roll": -0.9999980330467224, "yaw": -128.00123596191406, "pitch": -25.999052047729492, "max_record_frame": 10000},
    "Hard_Camera_12": {"width": 1920, "height": 1080, "x": 141.03379821777344, "y": 205.15652465820312, "z": 2.7688207626342773, "fov": 90.0, "roll": -0.9999980330467224, "yaw": -128.00123596191406, "pitch": -25.999052047729492, "max_record_frame": 10000}
  }
}
