{
  "mode": "parallel",
  "save_root": "/home/ssj/Data/github/AwesomeMOTDataset/Dataset/Town04/Middle",
  "host": "127.0.0.1",
  "port": 2000,
  "weathers": ["Clear", "Cloudy", "Rain"],
  "vehicle_num": [100, 170, 230],
  "cameras": {
    "Middle_Camera_0": {"width": 1920, "height": 1080, "x": -84.721923828125, "y": 19.67219352722168, "z": 30.0, "fov": 90.0, "roll": 5.524321622374373e-08, "yaw": -4.000000953674316, "pitch": -14.999996185302734, "max_record_frame": 10000},
    "Middle_Camera_1": {"width": 1920, "height": 1080, "x": -10.926332473754883, "y": -5.741969585418701, "z": 79.44780731201172, "fov": 90.0, "roll": -9.828201291384175e-05, "yaw": 89.9929428100586, "pitch": -79.99463653564453, "max_record_frame": 10000},
    "Middle_Camera_2": {"width": 1920, "height": 1080, "x": -325.4490051269531, "y": 5.665684700012207, "z": 60.851318359375, "fov": 90.0, "roll": 3.443616515141912e-05, "yaw": 176.99688720703125, "pitch": -42.99681854248047, "max_record_frame": 10000},
    "Middle_Camera_3": {"width": 1920, "height": 1080, "x": -9.271946907043457, "y": 29.518041610717773, "z": 5.3754167556762695, "fov": 90.0, "roll": 1.4210882909537759e-05, "yaw": -93.000732421875, "pitch": -15.99999713897705, "max_record_frame": 10000},
    "Middle_Camera_4": {"width": 1920, "height": 1080, "x": 59.97235107421875, "y": -187.36083984375, "z": 20.9189395904541, "fov": 90.0, "roll": 9.160314220935106e-06, "yaw": 94.9984359741211, "pitch": -55.998043060302734, "max_record_frame": 10000},
    "Middle_Camera_5": {"width": 1920, "height": 1080, "x": 38.31804275512695, "y": -178.1398468017578, "z": 16.879053115844727, "fov": 90.0, "roll": 4.604530840879306e-05, "yaw": 14.998732566833496, "pitch": -37.997615814208984, "max_record_frame": 10000},
    "Middle_Camera_6": {"width": 1920, "height": 1080, "x": -334.22967529296875, "y": 42.175838470458984, "z": 21.590831756591797, "fov": 90.0, "roll": 3.436952829360962e-05, "yaw": 179.99688720703125, "pitch": -33.996822357177734, "max_record_frame": 10000},
    "Middle_Camera_7": {"width": 1920, "height": 1080, "x": -378.10296630859375, "y": -9.011042594909668, "z": 11.188905715942383, "fov": 90.0, "roll": 3.330618710606359e-05, "yaw": 148.99729919433594, "pitch": -15.996575355529785, "max_record_frame": 10000},
    "Middle_Camera_8": {"width": 1920, "height": 1080, "x": 194.5169677734375, "y": -228.99713134765625, "z": 10.355198860168457, "fov": 90.0, "roll": 2.070287155220285e-05, "yaw": -67.99872589111328, "pitch": -29.999814987182617, "max_record_frame": 10000},
    "Middle_Camera_9": {"width": 1920, "height": 1080, "x": 313.8936462402344, "y": -237.47763061523438, "z": 12.00249195098877, "fov": 90.0, "roll": 2.7438358301878907e-05, "yaw": -130.99932861328125, "pitch": -35.99993133544922, "max_record_frame": 10000},
    "Middle_Camera_10": {"width": 1920, "height": 1080, "x": -374.7504577636719, "y": -3.702676296234131, "z": 8.305074691772461, "fov": 90.0, "roll": 3.241802187403664e-05, "yaw": 170.99765014648438, "pitch": -15.996575355529785, "max_record_frame": 10000},
    "Middle_Camera_11": {"width": 1920, "height": 1080, "x": 34.57970428466797, "y": 310.65167236328125, "z": 6.257779598236084, "fov": 90.0, "roll": 3.513170304358937e-05, "yaw": 163.9973602294922, "pitch": -11.996885299682617, "max_record_frame": 10000},
    "Middle_Camera_12": {"width": 1920, "height": 1080, "x": 193.81671142578125, "y": -219.25588989257812, "z": 12.257095336914062, "fov": 90.0, "roll": 2.191285602748394e-05, "yaw": -66.99873352050781, "pitch": -30.999814987182617, "max_record_frame": 10000}
  }
}
