{
  "mode": "parallel",
  "save_root": "/home/ssj/Data/github/AwesomeMOTDataset/Dataset/Town01/Easy",
  "host": "127.0.0.1",
  "port": 2000,
  "weathers": ["Clear", "Cloudy", "Rain"],
  "vehicle_num": [100, 170, 230],
  "cameras": {
    "Easy_Camera_0": {"width": 1920, "height": 1080, "x": -2.6698362827301025, "y": 2.406118392944336, "z": 28.112003326416016, "fov": 90.0, "roll": 1.3672592103830539e-05, "yaw": 43.00983428955078, "pitch": -67.99636840820312, "max_record_frame": 10000},
    "Easy_Camera_1": {"width": 1920, "height": 1080, "x": -10.327632904052734, "y": 9.79035758972168, "z": 28.49886131286621, "fov": 90.0, "roll": -0.9999999403953552, "yaw": 1.9982154369354248, "pitch": -59.99800491333008, "max_record_frame": 10000},
    "Easy_Camera_2": {"width": 1920, "height": 1080, "x": -9.71756362915039, "y": 54.83216857910156, "z": 26.293527603149414, "fov": 90.0, "roll": -0.9999999403953552, "yaw": 1.9982154369354248, "pitch": -59.99800491333008, "max_record_frame": 10000},
    "Easy_Camera_3": {"width": 1920, "height": 1080, "x": 93.458984375, "y": 314.5130310058594, "z": 22.997697830200195, "fov": 90.0, "roll": -0.9999905228614807, "yaw": 93.99774932861328, "pitch": -74.99547576904297, "max_record_frame": 10000},
    "Easy_Camera_4": {"width": 1920, "height": 1080, "x": 89.7321548461914, "y": -8.412396430969238, "z": 18.42718505859375, "fov": 90.0, "roll": 2.8997908884775825e-05, "yaw": 93.00823211669922, "pitch": -57.99679946899414, "max_record_frame": 10000},
    "Easy_Camera_5": {"width": 1920, "height": 1080, "x": 145.27017211914062, "y": -6.5160698890686035, "z": 26.059345245361328, "fov": 90.0, "roll": 4.5107590267434716e-05, "yaw": 56.0079460144043, "pitch": -57.99658966064453, "max_record_frame": 10000},
    "Easy_Camera_6": {"width": 1920, "height": 1080, "x": 88.07027435302734, "y": 142.39044189453125, "z": 24.94202423095703, "fov": 90.0, "roll": -0.9999956488609314, "yaw": -68.00167083740234, "pitch": -66.9986343383789, "max_record_frame": 10000},
    "Easy_Camera_7": {"width": 1920, "height": 1080, "x": 89.09149932861328, "y": 57.44026565551758, "z": 7.094574928283691, "fov": 90.0, "roll": 4.174773130216636e-05, "yaw": 92.00822448730469, "pitch": -10.99694538116455, "max_record_frame": 10000}
  }
}
