{
  "mode": "parallel",
  "save_root": "/home/ssj/Data/github/AwesomeMOTDataset/Dataset/Town05/Middle",
  "host": "127.0.0.1",
  "port": 2000,
  "weathers": ["Clear", "Cloudy", "Rain"],
  "vehicle_num": [100, 170, 230],
  "cameras": {
    "Middle_Camera_0": {"width": 1920, "height": 1080, "x": -48.45570373535156, "y": 2.848891496658325, "z": 29.481578826904297, "fov": 90.0, "roll": -83.28564453125, "yaw": -5.710597038269043, "pitch": -90.0, "max_record_frame": 10000},
    "Middle_Camera_1": {"width": 1920, "height": 1080, "x": -150.44004821777344, "y": 1.0620561838150024, "z": 29.481578826904297, "fov": 90.0, "roll": -83.28564453125, "yaw": -5.710597038269043, "pitch": -90.0, "max_record_frame": 10000},
    "Middle_Camera_2": {"width": 1920, "height": 1080, "x": -132.22267150878906, "y": -80.29135131835938, "z": 11.64841079711914, "fov": 90.0, "roll": -3.1649136543273926, "yaw": 92.11786651611328, "pitch": -64.9895248413086, "max_record_frame": 10000},
    "Middle_Camera_3": {"width": 1920, "height": 1080, "x": -50.62077713012695, "y": -101.58622741699219, "z": 22.0191593170166, "fov": 90.0, "roll": 1.9439014196395874, "yaw": -179.0037841796875, "pitch": -43.99687194824219, "max_record_frame": 10000},
    "Middle_Camera_4": {"width": 1920, "height": 1080, "x": -142.0655975341797, "y": -71.61630249023438, "z": 13.375824928283691, "fov": 90.0, "roll": -3.164888381958008, "yaw": -44.884178161621094, "pitch": -33.986995697021484, "max_record_frame": 10000},
    "Middle_Camera_5": {"width": 1920, "height": 1080, "x": -95.0624771118164, "y": 203.9062042236328, "z": 13.677291870117188, "fov": 90.0, "roll": -3.165375232696533, "yaw": 5.116415500640869, "pitch": -36.98409652709961, "max_record_frame": 10000},
    "Middle_Camera_6": {"width": 1920, "height": 1080, "x": -156.21372985839844, "y": 173.2108154296875, "z": 13.290148735046387, "fov": 90.0, "roll": -3.165377378463745, "yaw": 95.11632537841797, "pitch": -8.984034538269043, "max_record_frame": 10000},
    "Middle_Camera_7": {"width": 1920, "height": 1080, "x": -236.06927490234375, "y": 67.21562194824219, "z": 6.554520130157471, "fov": 90.0, "roll": 3.9440720081329346, "yaw": 94.98029327392578, "pitch": -21.973140716552734, "max_record_frame": 10000},
    "Middle_Camera_8": {"width": 1920, "height": 1080, "x": -167.8605499267578, "y": 100.12693786621094, "z": 1.2170861959457397, "fov": 90.0, "roll": 3.9450180530548096, "yaw": -45.018096923828125, "pitch": -3.9716796875, "max_record_frame": 10000},
    "Middle_Camera_9": {"width": 1920, "height": 1080, "x": -144.27687072753906, "y": 132.8060760498047, "z": 44.0235481262207, "fov": 90.0, "roll": 3.9454166889190674, "yaw": -1.0179132223129272, "pitch": -58.971038818359375, "max_record_frame": 10000},
    "Middle_Camera_10": {"width": 1920, "height": 1080, "x": -198.2886505126953, "y": 18.20819664001465, "z": 39.27687454223633, "fov": 90.0, "roll": 11.94154167175293, "yaw": -10.000194549560547, "pitch": -69.99784088134766, "max_record_frame": 10000},
    "Middle_Camera_11": {"width": 1920, "height": 1080, "x": -132.39434814453125, "y": -142.27513122558594, "z": 3.5214271545410156, "fov": 90.0, "roll": 1.943965196609497, "yaw": 91.99756622314453, "pitch": -3.997128963470459, "max_record_frame": 10000},
    "Middle_Camera_12": {"width": 1920, "height": 1080, "x": -116.19149017333984, "y": -90.73155212402344, "z": 5.914078712463379, "fov": 90.0, "roll": 1.9439297914505005, "yaw": -179.0037841796875, "pitch": 2.002870798110962, "max_record_frame": 10000}
  }
}
