{
  "mode": "parallel",
  "save_root": "/home/ssj/Data/github/AwesomeMOTDataset/Dataset/Town03/Hard",
  "host": "127.0.0.1",
  "port": 2000,
  "weathers": ["Clear", "Cloudy", "Rain"],
  "vehicle_num": [100, 170, 230],
  "cameras": {
    "Hard_Camera_0": {"width": 1920, "height": 1080, "x": -16.222091674804688, "y": 103.50479125976562, "z": 9.132624626159668, "fov": 90.0, "roll": 2.302060238434933e-05, "yaw": 53.998619079589844, "pitch": -21.999935150146484, "max_record_frame": 10000},
    "Hard_Camera_1": {"width": 1920, "height": 1080, "x": -1.9512903690338135, "y": 109.4041748046875, "z": 8.62374210357666, "fov": 90.0, "roll": 3.3616954169701785e-05, "yaw": 75.99891662597656, "pitch": -19.999906539916992, "max_record_frame": 10000},
    "Hard_Camera_2": {"width": 1920, "height": 1080, "x": 74.86095428466797, "y": 17.153099060058594, "z": 14.94332504272461, "fov": 90.0, "roll": 1.4094468497205526e-05, "yaw": -72.00286865234375, "pitch": -31.999666213989258, "max_record_frame": 10000},
    "Hard_Camera_3": {"width": 1920, "height": 1080, "x": 50.447113037109375, "y": 16.81864356994629, "z": 14.624237060546875, "fov": 90.0, "roll": 4.239152985974215e-05, "yaw": -19.002782821655273, "pitch": -29.999658584594727, "max_record_frame": 10000},
    "Hard_Camera_4": {"width": 1920, "height": 1080, "x": 170.95639038085938, "y": 94.96925354003906, "z": 17.878931045532227, "fov": 90.0, "roll": -0.9999996423721313, "yaw": -134.99661254882812, "pitch": -25.99957847595215, "max_record_frame": 10000},
    "Hard_Camera_5": {"width": 1920, "height": 1080, "x": 226.6040802001953, "y": 112.81099700927734, "z": 14.069137573242188, "fov": 90.0, "roll": -0.9999995231628418, "yaw": 119.00303649902344, "pitch": -18.999446868896484, "max_record_frame": 10000},
    "Hard_Camera_6": {"width": 1920, "height": 1080, "x": 220.35073852539062, "y": 135.4485321044922, "z": 4.833178520202637, "fov": 90.0, "roll": -1.0000001192092896, "yaw": 82.00267028808594, "pitch": -12.99941349029541, "max_record_frame": 10000},
    "Hard_Camera_7": {"width": 1920, "height": 1080, "x": 220.2865753173828, "y": 70.39511108398438, "z": 3.135329484939575, "fov": 90.0, "roll": -1.0000003576278687, "yaw": 65.00181579589844, "pitch": -11.999357223510742, "max_record_frame": 10000},
    "Hard_Camera_8": {"width": 1920, "height": 1080, "x": 165.6629638671875, "y": -158.36862182617188, "z": 13.12494945526123, "fov": 90.0, "roll": -0.9999989867210388, "yaw": 113.99987030029297, "pitch": -18.999052047729492, "max_record_frame": 10000},
    "Hard_Camera_9": {"width": 1920, "height": 1080, "x": 19.313007354736328, "y": 42.70926284790039, "z": 18.86883544921875, "fov": 90.0, "roll": 2.2929800252313726e-05, "yaw": 127.99980163574219, "pitch": -34.99987030029297, "max_record_frame": 10000},
    "Hard_Camera_10": {"width": 1920, "height": 1080, "x": 180.71878051757812, "y": -194.46163940429688, "z": 6.56104850769043, "fov": 90.0, "roll": -0.9999694228172302, "yaw": -170.00515747070312, "pitch": -21.9996280670166, "max_record_frame": 10000},
    "Hard_Camera_11": {"width": 1920, "height": 1080, "x": -18.325523376464844, "y": 8.312321662902832, "z": 18.85763168334961, "fov": 90.0, "roll": 1.2584384023739403e-07, "yaw": -6.000004768371582, "pitch": -31.999940872192383, "max_record_frame": 10000},
    "Hard_Camera_12": {"width": 1920, "height": 1080, "x": -3.9085617065429688, "y": 7.612619400024414, "z": 8.343609809875488, "fov": 90.0, "roll": 1.1888691915373784e-05, "yaw": -51.99998092651367, "pitch": -20.999906539916992, "max_record_frame": 10000},
    "Hard_Camera_13": {"width": 1920, "height": 1080, "x": 133.3963165283203, "y": -79.65251922607422, "z": 14.46796989440918, "fov": 90.0, "roll": 4.7662808356108144e-05, "yaw": 42.00150680541992, "pitch": -23.99907684326172, "max_record_frame": 10000},
    "Hard_Camera_14": {"width": 1920, "height": 1080, "x": 230.9188995361328, "y": -153.7000732421875, "z": 4.3450188636779785, "fov": 90.0, "roll": 1.0000399351119995, "yaw": 61.001441955566406, "pitch": -18.99896240234375, "max_record_frame": 10000},
    "Hard_Camera_15": {"width": 1920, "height": 1080, "x": 26.5926513671875, "y": -187.4542694091797, "z": 2.607893943786621, "fov": 90.0, "roll": 1.000022530555725, "yaw": -52.99079895019531, "pitch": -9.998556137084961, "max_record_frame": 10000},
    "Hard_Camera_16": {"width": 1920, "height": 1080, "x": -78.06061553955078, "y": -218.29774475097656, "z": 4.728785991668701, "fov": 90.0, "roll": 1.0000032186508179, "yaw": 45.0081672668457, "pitch": -12.998525619506836, "max_record_frame": 10000},
    "Hard_Camera_17": {"width": 1920, "height": 1080, "x": -97.24609375, "y": -169.570556640625, "z": 6.131655216217041, "fov": 90.0, "roll": 1.0000077486038208, "yaw": -19.991544723510742, "pitch": -16.9984130859375, "max_record_frame": 10000},
    "Hard_Camera_18": {"width": 1920, "height": 1080, "x": 204.0272979736328, "y": -11.821029663085938, "z": 8.169051170349121, "fov": 90.0, "roll": 4.463917946395668e-07, "yaw": 44.999671936035156, "pitch": -16.999910354614258, "max_record_frame": 10000},
    "Hard_Camera_19": {"width": 1920, "height": 1080, "x": -131.35693359375, "y": 1.3815187215805054, "z": 7.348809242248535, "fov": 90.0, "roll": -2.00006103515625, "yaw": -112.9997787475586, "pitch": -14.999149322509766, "max_record_frame": 10000},
    "Hard_Camera_20": {"width": 1920, "height": 1080, "x": -133.6278533935547, "y": 29.277416229248047, "z": 8.083845138549805, "fov": 90.0, "roll": -2.000060796737671, "yaw": 118.00069427490234, "pitch": -20.998964309692383, "max_record_frame": 10000},
    "Hard_Camera_21": {"width": 1920, "height": 1080, "x": -1.6590758562088013, "y": 39.615928649902344, "z": 10.8503999710083, "fov": 90.0, "roll": 2.0122457499383017e-05, "yaw": 82.99980163574219, "pitch": -26.999961853027344, "max_record_frame": 10000},
    "Hard_Camera_22": {"width": 1920, "height": 1080, "x": -7.614350318908691, "y": 40.34716796875, "z": 10.850398063659668, "fov": 90.0, "roll": 2.0122457499383017e-05, "yaw": 82.99980163574219, "pitch": -26.999961853027344, "max_record_frame": 10000},
    "Hard_Camera_23": {"width": 1920, "height": 1080, "x": -4.331171989440918, "y": 66.8586654663086, "z": 9.32075309753418, "fov": 90.0, "roll": 2.63564070337452e-05, "yaw": 101.9998779296875, "pitch": -28.999752044677734, "max_record_frame": 10000},
    "Hard_Camera_24": {"width": 1920, "height": 1080, "x": -16.400238037109375, "y": -32.8686408996582, "z": 16.783353805541992, "fov": 90.0, "roll": -3.0000009536743164, "yaw": 73.00131225585938, "pitch": -35.999813079833984, "max_record_frame": 10000},
    "Hard_Camera_25": {"width": 1920, "height": 1080, "x": 39.17573547363281, "y": -12.570972442626953, "z": 11.163619041442871, "fov": 90.0, "roll": -3.000000238418579, "yaw": 53.00140380859375, "pitch": -30.999685287475586, "max_record_frame": 10000},
    "Hard_Camera_26": {"width": 1920, "height": 1080, "x": 104.8097915649414, "y": -104.63247680664062, "z": 36.737606048583984, "fov": 90.0, "roll": -3.0000014305114746, "yaw": 40.00092697143555, "pitch": -46.9996337890625, "max_record_frame": 10000},
    "Hard_Camera_27": {"width": 1920, "height": 1080, "x": -65.47225952148438, "y": -13.910600662231445, "z": 6.6825785636901855, "fov": 90.0, "roll": -3.0000014305114746, "yaw": 109.00161743164062, "pitch": -25.99981689453125, "max_record_frame": 10000},
    "Hard_Camera_28": {"width": 1920, "height": 1080, "x": -66.17200469970703, "y": -12.360798835754395, "z": 3.4520368576049805, "fov": 90.0, "roll": -3.0000011920928955, "yaw": 109.00162506103516, "pitch": -15.9998197555542, "max_record_frame": 10000},
    "Hard_Camera_29": {"width": 1920, "height": 1080, "x": -99.45195007324219, "y": -151.06488037109375, "z": 4.061163425445557, "fov": 90.0, "roll": -3.0000011920928955, "yaw": -28.999082565307617, "pitch": -13.999933242797852, "max_record_frame": 10000},
    "Hard_Camera_30": {"width": 1920, "height": 1080, "x": -100.00973510742188,