{"Easy_Camera_0": {"width": 1920, "height": 1080, "x": -84.721923828125, "y": 19.67219352722168, "z": 30.0, "fov": 90.0, "roll": 5.524321622374373e-08, "yaw": -4.000000953674316, "pitch": -14.999996185302734, "max_record_frame": 10000}}
{"Easy_Camera_1": {"width": 1920, "height": 1080, "x": -38.390472412109375, "y": 36.39531326293945, "z": 18.353137969970703, "fov": 90.0, "roll": 2.2097286489497492e-07, "yaw": -17.00031852722168, "pitch": -14.999996185302734, "max_record_frame": 10000}}
{"Easy_Camera_2": {"width": 1920, "height": 1080, "x": 8.185566902160645, "y": 24.96823501586914, "z": 8.259196281433105, "fov": 90.0, "roll": 6.18724061496323e-06, "yaw": -94.0, "pitch": -14.999996185302734, "max_record_frame": 10000}}
{"Easy_Camera_3": {"width": 1920, "height": 1080, "x": 61.1417121887207, "y": -200.73104858398438, "z": 40.81538009643555, "fov": 90.0, "roll": 1.2213704394525848e-05, "yaw": 59.998207092285156, "pitch": -55.99788284301758, "max_record_frame": 10000}}
{"Easy_Camera_4": {"width": 1920, "height": 1080, "x": -18.520349502563477, "y": -69.04145812988281, "z": 23.824811935424805, "fov": 90.0, "roll": 1.2290538506931625e-05, "yaw": -101.00193786621094, "pitch": -45.999916076660156, "max_record_frame": 10000}}
{"Easy_Camera_5": {"width": 1920, "height": 1080, "x": -58.44138717651367, "y": -79.82170867919922, "z": 21.66679573059082, "fov": 90.0, "roll": 1.229050030815415e-05, "yaw": -74.00157165527344, "pitch": -45.999752044677734, "max_record_frame": 10000}}
{"Easy_Camera_6": {"width": 1920, "height": 1080, "x": -18.085247039794922, "y": -152.33294677734375, "z": 62.1905632019043, "fov": 90.0, "roll": 1.0853205822058953e-05, "yaw": -71.00141143798828, "pitch": -50.999691009521484, "max_record_frame": 10000}}
{"Easy_Camera_7": {"width": 1920, "height": 1080, "x": 6.838562965393066, "y": -165.8177947998047, "z": 19.22394561767578, "fov": 90.0, "roll": 8.13983479019953e-06, "yaw": -45.00143814086914, "pitch": -50.999298095703125, "max_record_frame": 10000}}
{"Easy_Camera_8": {"width": 1920, "height": 1080, "x": 6.629011154174805, "y": -171.81411743164062, "z": 19.22394561767578, "fov": 90.0, "roll": 2.1621268388116732e-05, "yaw": -2.001495838165283, "pitch": -50.998931884765625, "max_record_frame": 10000}}
{"Easy_Camera_9": {"width": 1920, "height": 1080, "x": 6.629011154174805, "y": -171.81411743164062, "z": 19.22394561767578, "fov": 90.0, "roll": 2.170601328543853e-05, "yaw": 48.99864196777344, "pitch": -50.99883270263672, "max_record_frame": 10000}}
{"Easy_Camera_10": {"width": 1920, "height": 1080, "x": -385.5870361328125, "y": 2.4635448455810547, "z": 32.177879333496094, "fov": 90.0, "roll": 3.93152040487621e-05, "yaw": 40.99280548095703, "pitch": -79.99530029296875, "max_record_frame": 10000}}
{"Easy_Camera_11": {"width": 1920, "height": 1080, "x": -385.9261169433594, "y": -1.0042436122894287, "z": 52.85850524902344, "fov": 90.0, "roll": -9.828201291384175e-05, "yaw": 89.9929428100586, "pitch": -79.99463653564453, "max_record_frame": 10000}}
{"Easy_Camera_12": {"width": 1920, "height": 1080, "x": -10.926332473754883, "y": -5.741969585418701, "z": 79.44780731201172, "fov": 90.0, "roll": -9.828201291384175e-05, "yaw": 89.9929428100586, "pitch": -79.99463653564453, "max_record_frame": 10000}}
{"Easy_Camera_13": {"width": 1920, "height": 1080, "x": -1.3861701488494873, "y": 314.92919921875, "z": 15.27430248260498, "fov": 90.0, "roll": 2.659717392816674e-05, "yaw": -60.00203323364258, "pitch": -25.998620986938477, "max_record_frame": 10000}}
{"Easy_Camera_14": {"width": 1920, "height": 1080, "x": -3.2708194255828857, "y": 318.19378662109375, "z": 41.9427375793457, "fov": 90.0, "roll": 1.0852905688807368e-05, "yaw": -60.00182342529297, "pitch": -50.99840545654297, "max_record_frame": 10000}}
{"Easy_Camera_15": {"width": 1920, "height": 1080, "x": 8.380878448486328, "y": 300.60797119140625, "z": 19.880163192749023, "fov": 90.0, "roll": 2.38350603467552e-05, "yaw": 122.9980239868164, "pitch": -37.997127532958984, "max_record_frame": 10000}}
{"Easy_Camera_16": {"width": 1920, "height": 1080, "x": 11.28657054901123, "y": 296.13330078125, "z": 9.180917739868164, "fov": 90.0, "roll": 2.8726235541398637e-05, "yaw": 122.99810791015625, "pitch": -17.996885299682617, "max_record_frame": 10000}}
{"Easy_Camera_17": {"width": 1920, "height": 1080, "x": -325.4490051269531, "y": 5.665684700012207, "z": 60.851318359375, "fov": 90.0, "roll": 3.443616515141912e-05, "yaw": 176.99688720703125, "pitch": -42.99681854248047, "max_record_frame": 10000}}
{"Easy_Camera_18": {"width": 1920, "height": 1080, "x": 209.7515411376953, "y": -230.61672973632812, "z": 32.80523681640625, "fov": 90.0, "roll": -1.0000001192092896, "yaw": -109.00078582763672, "pitch": -53.99882888793945, "max_record_frame": 10000}}
{"Easy_Camera_19": {"width": 1920, "height": 1080, "x": 257.1479797363281, "y": -230.8900909423828, "z": 20.744091033935547, "fov": 90.0, "roll": 5.205095021665329e-06, "yaw": -93.99077606201172, "pitch": -48.996421813964844, "max_record_frame": 10000}}
{"Middle_Camera_0": {"width": 1920, "height": 1080, "x": 19.703147888183594, "y": -186.59286499023438, "z": 12.088123321533203, "fov": 90.0, "roll": 1.837191666709259e-05, "yaw": 109.99817657470703, "pitch": -27.99828338623047, "max_record_frame": 10000}}
{"Middle_Camera_1": {"width": 1920, "height": 1080, "x": -9.271946907043457, "y": 29.518041610717773, "z": 5.3754167556762695, "fov": 90.0, "roll": 1.4210882909537759e-05, "yaw": -93.000732421875, "pitch": -15.99999713897705, "max_record_frame": 10000}}
{"Middle_Camera_2": {"width": 1920, "height": 1080, "x": 59.97235107421875, "y": -187.36083984375, "z": 20.9189395904541, "fov": 90.0, "roll": 9.160314220935106e-06, "yaw": 94.9984359741211, "pitch": -55.998043060302734, "max_record_frame": 10000}}
{"Middle_Camera_3": {"width": 1920, "height": 1080, "x": 38.31804275512695, "y": -178.1398468017578, "z": 16.879053115844727, "fov": 90.0, "roll": 4.604530840879306e-05, "yaw": 14.998732566833496, "pitch": -37.997615814208984, "max_record_frame": 10000}}
{"Middle_Camera_4": {"width": 1920, "height": 1080, "x": -334.22967529296875, "y": 42.175838470458984, "z": 21.590831756591797, "fov": 90.0, "roll": 3.436952829360962e-05, "yaw": 179.99688720703125, "pitch": -33.996822357177734, "max_record_frame": 10000}}
{"Middle_Camera_5": {"width": 1920, "height": 1080, "x": -334.22967529296875, "y": 42.175838470458984, "z": 21.590831756591797, "fov": 90.0, "roll": 3.295352871646173e-05, "yaw": -151.00277709960938, "pitch": -33.996761322021484, "max_record_frame": 10000}}
{"Middle_Camera_6": {"width": 1920, "height": 1080, "x": -372.7975769042969, "y": 24.227550506591797, "z": 12.438788414001465, "fov": 90.0, "roll": 3.330618710606359e-05, "yaw": -153.00279235839844, "pitch": -15.996575355529785, "max_record_frame": 10000}}
{"Middle_Camera_7": {"width": 1920, "height": 1080, "x": -378.10296630859375, "y": -9.011042594909668, "z": 11.188905715942383, "fov": 90.0, "roll": 3.330618710606359e-05, "yaw": 148.99729919433594, "pitch": -15.996575355529785, "max_record_frame": 10000}}
{"Middle_Camera_8": {"width": 1920, "height": 1080, "x": -0.8767755627632141, "y": 272.2098083496094, "z": 22.946130752563477, "fov": 90.0, "roll": 1.616038389329333e-05, "yaw": 17.99696922302246, "pitch": -39.99919891357422, "max_record_frame": 10000}}
{"Middle_Camera_9": {"width": 1920, "height": 1080, "x": 194.5169677734375, "y": -228.99713134765625, "z": 10.355198860168457, "fov": 90.0, "roll": 2.070287155220285e-05, "yaw": -67.99872589111328, "pitch": -29.999814987182617, "max_record_frame": 10000}}
{"Middle_Camera_10": {"width": 1920, "height": 1080, "x": 131.08694458007812, "y": -165.4942169189453, "z": 9.0, "fov": 90.0, "roll": 0.0, "yaw": -14.000295639038086, "pitch": -9.99999713897705, "max_record_frame": 10000}}
{"Middle_Camera_11": {"width": 1920, "height": 1080, "x": 305.70416259765625, "y": -168.6999969482422, "z": 14.846013069152832, "fov": 90.0, "roll": 0.0, "yaw": 0.0, "pitch": -36.0,