{
  "mode": "parallel",
  "save_root": "/home/ssj/Data/github/AwesomeMOTDataset/Dataset/Town03/Middle",
  "host": "127.0.0.1",
  "port": 2000,
  "weathers": ["Clear", "Cloudy", "Rain"],
  "vehicle_num": [100, 170, 230],
  "cameras": {
    "Middle_Camera_0": {"width": 1920, "height": 1080, "x": -20.90400505065918, "y": 14.444602966308594, "z": 18.44239044189453, "fov": 90.0, "roll": 1.4417205420613755e-05, "yaw": 67.00851440429688, "pitch": -33.99697494506836, "max_record_frame": 10000},
    "Middle_Camera_1": {"width": 1920, "height": 1080, "x": -53.47237777709961, "y": 148.90252685546875, "z": 15.399619102478027, "fov": 90.0, "roll": -1.0003670454025269, "yaw": -134.00469970703125, "pitch": -33.99828338623047, "max_record_frame": 10000},
    "Middle_Camera_2": {"width": 1920, "height": 1080, "x": 224.330810546875, "y": 35.81592559814453, "z": 11.216654777526855, "fov": 90.0, "roll": -0.9999995231628418, "yaw": 77.00127410888672, "pitch": -20.999353408813477, "max_record_frame": 10000},
    "Middle_Camera_3": {"width": 1920, "height": 1080, "x": -66.42984771728516, "y": -21.013845443725586, "z": 11.133875846862793, "fov": 90.0, "roll": 2.9522179829655215e-05, "yaw": 125.99765014648438, "pitch": -32.999813079833984, "max_record_frame": 10000},
    "Middle_Camera_4": {"width": 1920, "height": 1080, "x": -99.38690948486328, "y": 12.086697578430176, "z": 2.0926425457000732, "fov": 90.0, "roll": -2.00006103515625, "yaw": -57.00067901611328, "pitch": -11.999138832092285, "max_record_frame": 10000},
    "Middle_Camera_5": {"width": 1920, "height": 1080, "x": -83.2682876586914, "y": -19.870540618896484, "z": 15.45430850982666, "fov": 90.0, "roll": -2.0000622272491455, "yaw": 52.00080871582031, "pitch": -39.998619079589844, "max_record_frame": 10000},
    "Middle_Camera_6": {"width": 1920, "height": 1080, "x": -8.747763633728027, "y": 30.290090560913086, "z": 8.091760635375977, "fov": 90.0, "roll": -2.00006103515625, "yaw": 81.99939727783203, "pitch": -21.99853515625, "max_record_frame": 10000},
    "Middle_Camera_7": {"width": 1920, "height": 1080, "x": 3.128018379211426, "y": 36.64739227294922, "z": 11.385744094848633, "fov": 90.0, "roll": 1.6676223822287284e-05, "yaw": 112.9992446899414, "pitch": -34.99989700317383, "max_record_frame": 10000},
    "Middle_Camera_8": {"width": 1920, "height": 1080, "x": -8.539092063903809, "y": 183.90003967285156, "z": 10.581738471984863, "fov": 90.0, "roll": -0.0006404505111277103, "yaw": 32.99650192260742, "pitch": -30.999441146850586, "max_record_frame": 10000},
    "Middle_Camera_9": {"width": 1920, "height": 1080, "x": -23.529748916625977, "y": 147.530029296875, "z": 11.750149726867676, "fov": 90.0, "roll": 0.0, "yaw": -13.000264167785645, "pitch": -21.000001907348633, "max_record_frame": 10000},
    "Middle_Camera_10": {"width": 1920, "height": 1080, "x": -87.74459075927734, "y": -17.645605087280273, "z": 6.511880874633789, "fov": 90.0, "roll": -3.000000238418579, "yaw": 116.00123596191406, "pitch": -20.99981117248535, "max_record_frame": 10000},
    "Middle_Camera_11": {"width": 1920, "height": 1080, "x": -66.8414535522461, "y": -22.584386825561523, "z": 15.397371292114258, "fov": 90.0, "roll": -3.000000238418579, "yaw": 73.00189208984375, "pitch": -30.999814987182617, "max_record_frame": 10000},
    "Middle_Camera_12": {"width": 1920, "height": 1080, "x": -145.79795837402344, "y": 60.02732467651367, "z": 6.069798946380615, "fov": 90.0, "roll": 2.0000293254852295, "yaw": -62.00012969970703, "pitch": -23.998899459838867, "max_record_frame": 10000}
  }
}
