{
  "mode": "parallel",
  "save_root": "/home/ssj/Data/github/AwesomeMOTDataset/Dataset/Town04/Easy",
  "host": "127.0.0.1",
  "port": 2000,
  "weathers": ["Clear", "Cloudy", "Rain"],
  "vehicle_num": [100, 170, 230],
  "cameras": {
      "Easy_Camera_0": {"width": 1920, "height": 1080, "x": -38.390472412109375, "y": 36.39531326293945, "z": 18.353137969970703, "fov": 90.0, "roll": 2.2097286489497492e-07, "yaw": -17.00031852722168, "pitch": -14.999996185302734, "max_record_frame": 10000},
      "Easy_Camera_1": {"width": 1920, "height": 1080, "x": 8.185566902160645, "y": 24.96823501586914, "z": 8.259196281433105, "fov": 90.0, "roll": 6.18724061496323e-06, "yaw": -94.0, "pitch": -14.999996185302734, "max_record_frame": 10000},
      "Easy_Camera_2": {"width": 1920, "height": 1080, "x": -18.520349502563477, "y": -69.04145812988281, "z": 23.824811935424805, "fov": 90.0, "roll": 1.2290538506931625e-05, "yaw": -101.00193786621094, "pitch": -45.999916076660156, "max_record_frame": 10000},
      "Easy_Camera_3": {"width": 1920, "height": 1080, "x": -18.085247039794922, "y": -152.33294677734375, "z": 62.1905632019043, "fov": 90.0, "roll": 1.0853205822058953e-05, "yaw": -71.00141143798828, "pitch": -50.999691009521484, "max_record_frame": 10000},
      "Easy_Camera_4": {"width": 1920, "height": 1080, "x": 6.629011154174805, "y": -171.81411743164062, "z": 19.22394561767578, "fov": 90.0, "roll": 2.1621268388116732e-05, "yaw": -2.001495838165283, "pitch": -50.998931884765625, "max_record_frame": 10000},
      "Easy_Camera_5": {"width": 1920, "height": 1080, "x": 6.629011154174805, "y": -171.81411743164062, "z": 19.22394561767578, "fov": 90.0, "roll": 2.170601328543853e-05, "yaw": 48.99864196777344, "pitch": -50.99883270263672, "max_record_frame": 10000},
      "Easy_Camera_6": {"width": 1920, "height": 1080, "x": -385.5870361328125, "y": 2.4635448455810547, "z": 32.177879333496094, "fov": 90.0, "roll": 3.93152040487621e-05, "yaw": 40.99280548095703, "pitch": -79.99530029296875, "max_record_frame": 10000},
      "Easy_Camera_7": {"width": 1920, "height": 1080, "x": -385.9261169433594, "y": -1.0042436122894287, "z": 52.85850524902344, "fov": 90.0, "roll": -9.828201291384175e-05, "yaw": 89.9929428100586, "pitch": -79.99463653564453, "max_record_frame": 10000},
      "Easy_Camera_8": {"width": 1920, "height": 1080, "x": -1.3861701488494873, "y": 314.92919921875, "z": 15.27430248260498, "fov": 90.0, "roll": 2.659717392816674e-05, "yaw": -60.00203323364258, "pitch": -25.998620986938477, "max_record_frame": 10000},
      "Easy_Camera_9": {"width": 1920, "height": 1080, "x": -3.2708194255828857, "y": 318.19378662109375, "z": 41.9427375793457, "fov": 90.0, "roll": 1.0852905688807368e-05, "yaw": -60.00182342529297, "pitch": -50.99840545654297, "max_record_frame": 10000},
      "Easy_Camera_10": {"width": 1920, "height": 1080, "x": 11.28657054901123, "y": 296.13330078125, "z": 9.180917739868164, "fov": 90.0, "roll": 2.8726235541398637e-05, "yaw": 122.99810791015625, "pitch": -17.996885299682617, "max_record_frame": 10000},
      "Easy_Camera_11": {"width": 1920, "height": 1080, "x": 209.7515411376953, "y": -230.61672973632812, "z": 32.80523681640625, "fov": 90.0, "roll": -1.0000001192092896, "yaw": -109.00078582763672, "pitch": -53.99882888793945, "max_record_frame": 10000},
      "Easy_Camera_12": {"width": 1920, "height": 1080, "x": 257.1479797363281, "y": -230.8900909423828, "z": 20.744091033935547, "fov": 90.0, "roll": 5.205095021665329e-06, "yaw": -93.99077606201172, "pitch": -48.996421813964844, "max_record_frame": 10000}
  }
}
