{
  "mode": "parallel",
  "save_root": "/home/ssj/Data/github/AwesomeMOTDataset/Dataset/Town03/All",
  "host": "127.0.0.1",
  "port": 2000,
  "weathers": ["Clear", "Cloudy", "Rain"],
  "vehicle_num": [100, 170, 230],
  "cameras": {
    "Easy_Camera_0": {"width": 1920, "height": 1080, "x": -98.00580596923828, "y": -3.9298436641693115, "z": 72.95825958251953, "fov": 90.0, "roll": -81.53521728515625, "yaw": 170.53582763671875, "pitch": -88.99710845947266, "max_record_frame": 10000},
    "Easy_Camera_1": {"width": 1920, "height": 1080, "x": -80.86772918701172, "y": 6.146968364715576, "z": 22.037790298461914, "fov": 90.0, "roll": -2.927246570587158, "yaw": -81.99573516845703, "pitch": -30.97438621520996, "max_record_frame": 10000},
    "Easy_Camera_2": {"width": 1920, "height": 1080, "x": -95.21310424804688, "y": -4.095080852508545, "z": 25.03701400756836, "fov": 90.0, "roll": 1.2357649211480748e-05, "yaw": -63.99794006347656, "pitch": -33.99728012084961, "max_record_frame": 10000},
    "Easy_Camera_3": {"width": 1920, "height": 1080, "x": -30.198049545288086, "y": 1.539874792098999, "z": 40.37450408935547, "fov": 90.0, "roll": -4.999667167663574, "yaw": -6.997747421264648, "pitch": -56.99431228637695, "max_record_frame": 10000},
    "Easy_Camera_4": {"width": 1920, "height": 1080, "x": -98.87325286865234, "y": -153.84164428710938, "z": 51.64448547363281, "fov": 90.0, "roll": -8.003790855407715, "yaw": -22.00117301940918, "pitch": -58.99845886230469, "max_record_frame": 10000},
    "Easy_Camera_5": {"width": 1920, "height": 1080, "x": -10.573095321655273, "y": -113.6674575805664, "z": 43.42231369018555, "fov": 90.0, "roll": -8.004828453063965, "yaw": -33.000267028808594, "pitch": -66.99784088134766, "max_record_frame": 10000},
    "Easy_Camera_6": {"width": 1920, "height": 1080, "x": 212.09690856933594, "y": 2.206998348236084, "z": 52.67828369140625, "fov": 90.0, "roll": -9.006580352783203, "yaw": 9.997903823852539, "pitch": -81.99607849121094, "max_record_frame": 10000},
    "Easy_Camera_7": {"width": 1920, "height": 1080, "x": 211.31204223632812, "y": 62.24269485473633, "z": 51.13127899169922, "fov": 90.0, "roll": -9.006872177124023, "yaw": 9.998241424560547, "pitch": -76.99556732177734, "max_record_frame": 10000},
    "Easy_Camera_8": {"width": 1920, "height": 1080, "x": -0.5551846027374268, "y": 211.35946655273438, "z": 38.699771881103516, "fov": 90.0, "roll": -1.0091845989227295, "yaw": -43.00129318237305, "pitch": -68.99413299560547, "max_record_frame": 10000},
    "Easy_Camera_9": {"width": 1920, "height": 1080, "x": -5.272834300994873, "y": 203.767333984375, "z": 29.69127082824707, "fov": 90.0, "roll": 6.037049047336041e-07, "yaw": 3.000070095062256, "pitch": -44.999603271484375, "max_record_frame": 10000},
    "Easy_Camera_10": {"width": 1920, "height": 1080, "x": -2.1263585090637207, "y": 22.35657501220703, "z": 21.53322410583496, "fov": 90.0, "roll": -4.002072811126709, "yaw": 101.00382995605469, "pitch": -38.99837875366211, "max_record_frame": 10000},
    "Easy_Camera_11": {"width": 1920, "height": 1080, "x": -138.30589294433594, "y": 60.0858039855957, "z": 10.136326789855957, "fov": 90.0, "roll": 2.0000288486480713, "yaw": -44.99999237060547, "pitch": -23.998899459838867, "max_record_frame": 10000},
    "Easy_Camera_12": {"width": 1920, "height": 1080, "x": 87.11775970458984, "y": -74.11778259277344, "z": 21.469451904296875, "fov": 90.0, "roll": -2.999969482421875, "yaw": 109.00706481933594, "pitch": -38.9974250793457, "max_record_frame": 10000},
    "Middle_Camera_0": {"width": 1920, "height": 1080, "x": -20.90400505065918, "y": 14.444602966308594, "z": 18.44239044189453, "fov": 90.0, "roll": 1.4417205420613755e-05, "yaw": 67.00851440429688, "pitch": -33.99697494506836, "max_record_frame": 10000},
    "Middle_Camera_1": {"width": 1920, "height": 1080, "x": -53.47237777709961, "y": 148.90252685546875, "z": 15.399619102478027, "fov": 90.0, "roll": -1.0003670454025269, "yaw": -134.00469970703125, "pitch": -33.99828338623047, "max_record_frame": 10000},
    "Middle_Camera_2": {"width": 1920, "height": 1080, "x": 224.330810546875, "y": 35.81592559814453, "z": 11.216654777526855, "fov": 90.0, "roll": -0.9999995231628418, "yaw": 77.00127410888672, "pitch": -20.999353408813477, "max_record_frame": 10000},
    "Middle_Camera_3": {"width": 1920, "height": 1080, "x": -66.42984771728516, "y": -21.013845443725586, "z": 11.133875846862793, "fov": 90.0, "roll": 2.9522179829655215e-05, "yaw": 125.99765014648438, "pitch": -32.999813079833984, "max_record_frame": 10000},
    "Middle_Camera_4": {"width": 1920, "height": 1080, "x": -99.38690948486328, "y": 12.086697578430176, "z": 2.0926425457000732, "fov": 90.0, "roll": -2.00006103515625, "yaw": -57.00067901611328, "pitch": -11.999138832092285, "max_record_frame": 10000},
    "Middle_Camera_5": {"width": 1920, "height": 1080, "x": -83.2682876586914, "y": -19.870540618896484, "z": 15.45430850982666, "fov": 90.0, "roll": -2.0000622272491455, "yaw": 52.00080871582031, "pitch": -39.998619079589844, "max_record_frame": 10000},
    "Middle_Camera_6": {"width": 1920, "height": 1080, "x": -8.747763633728027, "y": 30.290090560913086, "z": 8.091760635375977, "fov": 90.0, "roll": -2.00006103515625, "yaw": 81.99939727783203, "pitch": -21.99853515625, "max_record_frame": 10000},
    "Middle_Camera_7": {"width": 1920, "height": 1080, "x": 3.128018379211426, "y": 36.64739227294922, "z": 11.385744094848633, "fov": 90.0, "roll": 1.6676223822287284e-05, "yaw": 112.9992446899414, "pitch": -34.99989700317383, "max_record_frame": 10000},
    "Middle_Camera_8": {"width": 1920, "height": 1080, "x": -8.539092063903809, "y": 183.90003967285156, "z": 10.581738471984863, "fov": 90.0, "roll": -0.0006404505111277103, "yaw": 32.99650192260742, "pitch": -30.999441146850586, "max_record_frame": 10000},
    "Middle_Camera_9": {"width": 1920, "height": 1080, "x": -23.529748916625977, "y": 147.530029296875, "z": 11.750149726867676, "fov": 90.0, "roll": 0.0, "yaw": -13.000264167785645, "pitch": -21.000001907348633, "max_record_frame": 10000},
    "Middle_Camera_10": {"width": 1920, "height": 1080, "x": -87.74459075927734, "y": -17.645605087280273, "z": 6.511880874633789, "fov": 90.0, "roll": -3.000000238418579, "yaw": 116.00123596191406, "pitch": -20.99981117248535, "max_record_frame": 10000},
    "Middle_Camera_11": {"width": 1920, "height": 1080, "x": -66.8414535522461, "y": -22.584386825561523, "z": 15.397371292114258, "fov": 90.0, "roll": -3.000000238418579, "yaw": 73.00189208984375, "pitch": -30.999814987182617, "max_record_frame": 10000},
    "Middle_Camera_12": {"width": 1920, "height": 1080, "x": -145.79795837402344, "y": 60.02732467651367, "z": 6.069798946380615, "fov": 90.0, "roll": 2.0000293254852295, "yaw": -62.00012969970703, "pitch": -23.998899459838867, "max_record_frame": 10000},
    "Hard_Camera_0": {"width": 1920, "height": 1080, "x": -3.9085617065429688, "y": 7.612619400024414, "z": 8.343609809875488, "fov": 90.0, "roll": 1.1888691915373784e-05, "yaw": -51.99998092651367, "pitch": -20.999906539916992, "max_record_frame": 10000},
    "Hard_Camera_1": {"width": 1920, "height": 1080, "x": 230.9188995361328, "y": -153.7000732421875, "z": 4.3450188636779785, "fov": 90.0, "roll": 1.0000399351119995, "yaw": 61.001441955566406, "pitch": -18.99896240234375, "max_record_frame": 10000},
    "Hard_Camera_2": {"width": 1920, "height": 1080, "x": -100.00973510742188, "y": -150.57618713378906, "z": 1.1542644500732422, "fov": 90.0, "roll": -3.0000009536743164, "yaw": -23.998882293701172, "pitch": -13.999933242797852, "max_record_frame": 10000},
    "Hard_Camera_3": {"width": 1920, "height": 1080, "x": -84.29793548583984, "y": -161.1653594970703, "z": 3.6304519176483154, "fov": 90.0, "roll": -3.000000238418579, "yaw": 130.00160217285156, "pitch": -11.999938011169434, "max_record_frame": 10000},
    "Hard_Camera_4": {"width": 1920, "height": 1080, "x": 196.9564208984375, "y": 55.47792053222656, "z": 25.776424407958984, "fov": 90.0,