{
  "mode": "parallel",
  "save_root": "/home/ssj/Data/github/AwesomeMOTDataset/Dataset/Town03/Easy",
  "host": "127.0.0.1",
  "port": 2000,
  "weathers": ["Clear", "Cloudy", "Rain"],
  "vehicle_num": [100, 170, 230],
  "cameras": {
    "Hard_Camera_0": {"width": 1920, "height": 1080, "x": 76.43325805664062, "y": 147.59156799316406, "z": 18.68155860900879, "fov": 90.0, "roll": -1.0, "yaw": -68.00135040283203, "pitch": -27.9993896484375, "max_record_frame": 10000},
    "Hard_Camera_1": {"width": 1920, "height": 1080, "x": 284.7183532714844, "y": 70.21271514892578, "z": 5.996962070465088, "fov": 90.0, "roll": -0.9999998211860657, "yaw": -134.00242614746094, "pitch": -24.999147415161133, "max_record_frame": 10000},
    "Hard_Camera_2": {"width": 1920, "height": 1080, "x": 214.56790161132812, "y": 117.3433837890625, "z": 7.217936038970947, "fov": 90.0, "roll": -1.0000015497207642, "yaw": 119.99784088134766, "pitch": -24.999229431152344, "max_record_frame": 10000},
    "Hard_Camera_3": {"width": 1920, "height": 1080, "x": 227.16970825195312, "y": 180.1352081298828, "z": 3.847477436065674, "fov": 90.0, "roll": -1.0000015497207642, "yaw": 119.99784088134766, "pitch": -24.999229431152344, "max_record_frame": 10000},
    "Hard_Camera_4": {"width": 1920, "height": 1080, "x": 83.19877624511719, "y": 121.83842468261719, "z": 3.5252981185913086, "fov": 90.0, "roll": -1.0000005960464478, "yaw": -51.00135803222656, "pitch": -28.9993839263916, "max_record_frame": 10000},
    "Hard_Camera_5": {"width": 1920, "height": 1080, "x": 79.36405944824219, "y": 49.34146499633789, "z": 3.604947805404663, "fov": 90.0, "roll": -0.9999996423721313, "yaw": 15.9990873336792, "pitch": -25.999353408813477, "max_record_frame": 10000},
    "Hard_Camera_6": {"width": 1920, "height": 1080, "x": 90.15412902832031, "y": 46.70634078979492, "z": 6.411442756652832, "fov": 90.0, "roll": -1.0000005960464478, "yaw": 47.99876403808594, "pitch": -24.999359130859375, "max_record_frame": 10000},
    "Hard_Camera_7": {"width": 1920, "height": 1080, "x": 97.63619995117188, "y": 42.25703430175781, "z": 6.316526889801025, "fov": 90.0, "roll": -0.9999999403953552, "yaw": 116.99787139892578, "pitch": -24.999256134033203, "max_record_frame": 10000},
    "Hard_Camera_8": {"width": 1920, "height": 1080, "x": 137.14111328125, "y": 5.656653881072998, "z": 3.2478060722351074, "fov": 90.0, "roll": 2.7569207304622978e-05, "yaw": -1.9903868436813354, "pitch": -23.996938705444336, "max_record_frame": 10000},
    "Hard_Camera_9": {"width": 1920, "height": 1080, "x": 138.30386352539062, "y": 2.6144354343414307, "z": 5.966797828674316, "fov": 90.0, "roll": 2.731833592406474e-05, "yaw": 25.009836196899414, "pitch": -24.9969482421875, "max_record_frame": 10000}
  }
}
