{"Easy_Camera_0": {"width": 1920, "height": 1080, "x": -3.3607847690582275, "y": 122.29999542236328, "z": 29.6046085357666, "fov": 90.0, "roll": 0.0, "yaw": -1.9999985694885254, "pitch": -83.99896240234375, "max_record_frame": 10000}}
{"Easy_Camera_1": {"width": 1920, "height": 1080, "x": -15.709073066711426, "y": 120.05821228027344, "z": 13.982216835021973, "fov": 90.0, "roll": 2.035985062320833e-06, "yaw": -20.00030517578125, "pitch": -32.998626708984375, "max_record_frame": 10000}}
{"Easy_Camera_2": {"width": 1920, "height": 1080, "x": 8.651735305786133, "y": 108.29708099365234, "z": 7.369278907775879, "fov": 90.0, "roll": 3.906864003511146e-05, "yaw": 0.008883477188646793, "pitch": -25.996826171875, "max_record_frame": 10000}}
{"Easy_Camera_3": {"width": 1920, "height": 1080, "x": 12.483630180358887, "y": 186.703857421875, "z": 9.666787147521973, "fov": 90.0, "roll": 4.485833051148802e-05, "yaw": 27.008968353271484, "pitch": -23.996824264526367, "max_record_frame": 10000}}
{"Easy_Camera_4": {"width": 1920, "height": 1080, "x": 39.18000793457031, "y": 186.84214782714844, "z": 23.681135177612305, "fov": 90.0, "roll": 2.726295315369498e-05, "yaw": 27.00762939453125, "pitch": -63.996395111083984, "max_record_frame": 10000}}
{"Easy_Camera_5": {"width": 1920, "height": 1080, "x": 39.45543670654297, "y": 239.3762969970703, "z": 20.787626266479492, "fov": 90.0, "roll": 4.752759923576377e-05, "yaw": -0.9921571612358093, "pitch": -63.996402740478516, "max_record_frame": 10000}}
{"Easy_Camera_6": {"width": 1920, "height": 1080, "x": 48.28684997558594, "y": 302.2326965332031, "z": 15.611791610717773, "fov": 90.0, "roll": 4.683852966991253e-05, "yaw": -0.9921568632125854, "pitch": -40.996116638183594, "max_record_frame": 10000}}
{"Easy_Camera_7": {"width": 1920, "height": 1080, "x": 206.4913787841797, "y": 173.87396240234375, "z": 9.43953800201416, "fov": 90.0, "roll": 4.559394437819719e-05, "yaw": -114.99073791503906, "pitch": -25.995508193969727, "max_record_frame": 10000}}
{"Middle_Camera_0": {"width": 1920, "height": 1080, "x": 14.06624984741211, "y": 114.29789733886719, "z": 4.786603927612305, "fov": 90.0, "roll": 3.901740274159238e-05, "yaw": -11.99126148223877, "pitch": -23.996824264526367, "max_record_frame": 10000}}
{"Middle_Camera_1": {"width": 1920, "height": 1080, "x": 48.583030700683594, "y": 302.2275695800781, "z": 11.37950325012207, "fov": 90.0, "roll": 4.652864663512446e-05, "yaw": 3.007845163345337, "pitch": -39.99609375, "max_record_frame": 10000}}
{"Middle_Camera_2": {"width": 1920, "height": 1080, "x": 188.89739990234375, "y": 193.5785675048828, "z": 10.266780853271484, "fov": 90.0, "roll": 5.1310969865880907e-05, "yaw": -76.99113464355469, "pitch": -36.995601654052734, "max_record_frame": 10000}}
{"Middle_Camera_3": {"width": 1920, "height": 1080, "x": 129.48626708984375, "y": 112.63666534423828, "z": 6.514527320861816, "fov": 90.0, "roll": 4.548931974568404e-05, "yaw": -163.9893035888672, "pitch": -8.995453834533691, "max_record_frame": 10000}}
{"Hard_Camera_0": {"width": 1920, "height": 1080, "x": 100.189208984375, "y": 125.09076690673828, "z": 4.505535125732422, "fov": 90.0, "roll": 4.4390588300302625e-05, "yaw": -148.9901123046875, "pitch": -23.9954776763916, "max_record_frame": 10000}}
{"Hard_Camera_1": {"width": 1920, "height": 1080, "x": 103.18546295166016, "y": 112.89073944091797, "z": 6.122166156768799, "fov": 90.0, "roll": 4.740456643048674e-05, "yaw": -148.9901123046875, "pitch": -18.995485305786133, "max_record_frame": 10000}}
{"Hard_Camera_2": {"width": 1920, "height": 1080, "x": 91.65168762207031, "y": 121.80426788330078, "z": 4.169217109680176, "fov": 90.0, "roll": 4.49490689788945e-05, "yaw": -125.9897689819336, "pitch": -8.995453834533691, "max_record_frame": 10000}}
{"Hard_Camera_3": {"width": 1920, "height": 1080, "x": 54.33745574951172, "y": 178.45407104492188, "z": 1.4594314098358154, "fov": 90.0, "roll": 4.7850640839897096e-05, "yaw": 127.01018524169922, "pitch": 8.004544258117676, "max_record_frame": 10000}}
{"Hard_Camera_4": {"width": 1920, "height": 1080, "x": 54.58890914916992, "y": 178.12046813964844, "z": 4.430202484130859, "fov": 90.0, "roll": 4.809087113244459e-05, "yaw": 127.0101089477539, "pitch": 3.0045385360717773, "max_record_frame": 10000}}
{"Hard_Camera_5": {"width": 1920, "height": 1080, "x": 16.093448638916016, "y": 178.4328155517578, "z": 6.92609167098999, "fov": 90.0, "roll": 4.2521958675934e-05, "yaw": 35.008888244628906, "pitch": -23.996824264526367, "max_record_frame": 10000}}
{"Hard_Camera_6": {"width": 1920, "height": 1080, "x": 119.94290924072266, "y": 242.696044921875, "z": 10.460095405578613, "fov": 90.0, "roll": 5.033519119024277e-05, "yaw": -77.99169921875, "pitch": -31.995664596557617, "max_record_frame": 10000}}
{"Hard_Camera_7": {"width": 1920, "height": 1080, "x": 136.75164794921875, "y": 206.93145751953125, "z": 4.106625556945801, "fov": 90.0, "roll": 5.1791768783004954e-05, "yaw": -77.99164581298828, "pitch": -30.995662689208984, "max_record_frame": 10000}}
