{
  "mode": "parallel",
  "save_root": "/home/ssj/Data/github/AwesomeMOTDataset/Dataset/Town03/Hard",
  "host": "127.0.0.1",
  "port": 2000,
  "weathers": ["Clear", "Cloudy", "Rain"],
  "vehicle_num": [100, 170, 230],
  "cameras": {
    "Hard_Camera_0": {"width": 1920, "height": 1080, "x": -3.9085617065429688, "y": 7.612619400024414, "z": 8.343609809875488, "fov": 90.0, "roll": 1.1888691915373784e-05, "yaw": -51.99998092651367, "pitch": -20.999906539916992, "max_record_frame": 10000},
    "Hard_Camera_1": {"width": 1920, "height": 1080, "x": 230.9188995361328, "y": -153.7000732421875, "z": 4.3450188636779785, "fov": 90.0, "roll": 1.0000399351119995, "yaw": 61.001441955566406, "pitch": -18.99896240234375, "max_record_frame": 10000},
    "Hard_Camera_2": {"width": 1920, "height": 1080, "x": -100.00973510742188, "y": -150.57618713378906, "z": 1.1542644500732422, "fov": 90.0, "roll": -3.0000009536743164, "yaw": -23.998882293701172, "pitch": -13.999933242797852, "max_record_frame": 10000},
    "Hard_Camera_3": {"width": 1920, "height": 1080, "x": -84.29793548583984, "y": -161.1653594970703, "z": 3.6304519176483154, "fov": 90.0, "roll": -3.000000238418579, "yaw": 130.00160217285156, "pitch": -11.999938011169434, "max_record_frame": 10000},
    "Hard_Camera_4": {"width": 1920, "height": 1080, "x": 196.9564208984375, "y": 55.47792053222656, "z": 25.776424407958984, "fov": 90.0, "roll": -3.9999711513519287, "yaw": -19.004032135009766, "pitch": -33.9998779296875, "max_record_frame": 10000},
    "Hard_Camera_5": {"width": 1920, "height": 1080, "x": 212.81727600097656, "y": 47.19794845581055, "z": 5.818589210510254, "fov": 90.0, "roll": -3.9999711513519287, "yaw": -27.005231857299805, "pitch": -21.999778747558594, "max_record_frame": 10000},
    "Hard_Camera_6": {"width": 1920, "height": 1080, "x": 43.33743667602539, "y": -10.323043823242188, "z": 29.7156982421875, "fov": 90.0, "roll": -1.999969720840454, "yaw": -32.00505065917969, "pitch": -35.999385833740234, "max_record_frame": 10000},
    "Hard_Camera_7": {"width": 1920, "height": 1080, "x": -6.724671363830566, "y": 137.63980102539062, "z": 7.355628490447998, "fov": 90.0, "roll": -0.0006392877548933029, "yaw": 66.99693298339844, "pitch": -25.999652862548828, "max_record_frame": 10000},
    "Hard_Camera_8": {"width": 1920, "height": 1080, "x": 165.6629638671875, "y": -158.36862182617188, "z": 13.12494945526123, "fov": 90.0, "roll": -0.9999989867210388, "yaw": 113.99987030029297, "pitch": -18.999052047729492, "max_record_frame": 10000},
    "Hard_Camera_9": {"width": 1920, "height": 1080, "x": 204.0272979736328, "y": -11.821029663085938, "z": 8.169051170349121, "fov": 90.0, "roll": 4.463917946395668e-07, "yaw": 44.999671936035156, "pitch": -16.999910354614258, "max_record_frame": 10000},
    "Hard_Camera_10": {"width": 1920, "height": 1080, "x": -133.6278533935547, "y": 29.277416229248047, "z": 8.083845138549805, "fov": 90.0, "roll": -2.000060796737671, "yaw": 118.00069427490234, "pitch": -20.998964309692383, "max_record_frame": 10000},
    "Hard_Camera_11": {"width": 1920, "height": 1080, "x": -99.45195007324219, "y": -151.06488037109375, "z": 4.061163425445557, "fov": 90.0, "roll": -3.0000011920928955, "yaw": -28.999082565307617, "pitch": -13.999933242797852, "max_record_frame": 10000},
    "Hard_Camera_12": {"width": 1920, "height": 1080, "x": 101.79633331298828, "y": 13.863395690917969, "z": 3.9036781787872314, "fov": 90.0, "roll": -1.999969720840454, "yaw": -32.00416946411133, "pitch": -15.99945068359375, "max_record_frame": 10000}
  }
}
